TRUNCATE TABLE price_configuration;
TRUNCATE TABLE VENUE_OVERVIEW_COMPONENTS_LC;
TRUNCATE TABLE VENUE_OVERVIEW_COMPONENTS_PC;
TRUNCATE TABLE VENUE_SECTION_PC;
TRUNCATE TABLE VENUE_SECTION_LC;
TRUNCATE TABLE VENUE_LEVEL_LC;
TRUNCATE TABLE VENUE_SEAT_LC;
TRUNCATE TABLE PRICE_MODEL_TPL_PRDT_LIVE;
TRUNCATE TABLE PRICE_MODEL_TEMPLATE_LIVE;
TRUNCATE TABLE PMT_COLUMN_LIVE;
TRUNCATE TABLE PRICE_CATEGORY_LIVE;
TRUNCATE TABLE PRICE_CATEGORY_COLOR;
TRUNCATE TABLE SALES_SEAT_INVENTORY;

INSERT INTO PRICE_CONFIGURATION (PRICECONFIGURATIONID, PRODUCTID, LAYOUTCONFIGID, CREATED_BY, CREATEDDATE, UPDATED_BY, UPDATEDDATE)
VALUES (21343, 243851, 343001, 1739, '2016-08-05 16:47:46', 1739, '2016-08-05 16:47:46');

INSERT INTO VENUE_OVERVIEW_COMPONENTS_LC (VENUEOVERVIEWCOMPONENTSLCID, LC_ID, TYPE, LINK_ID, DISPLAYVALUE, SHAPE, X, Y, WIDTH, HEIGHT, ISVERTICAL, ISVISIBLE, BGCOLOR, FGCOLOR, FONTSIZE, SECTIONALIAS, LEVELALIAS)
VALUES (487157, 343001, 1, 356153, 'Stall', 1,
                '384;390;416;447;489;519;520;537;557;555;553;564;558;533;470;435;371;353;339;350;347;364;384;384',
                '103;103;107;111;107;103;118;124;188;247;253;264;284;291;249;249;292;287;265;255;187;128;119;102',
                0, 0, 'F', 'T', 0, -16777216, NULL, 'Stall', 'Stall');
INSERT INTO VENUE_OVERVIEW_COMPONENTS_LC (VENUEOVERVIEWCOMPONENTSLCID, LC_ID, TYPE, LINK_ID, DISPLAYVALUE, SHAPE, X, Y, WIDTH, HEIGHT, ISVERTICAL, ISVISIBLE, BGCOLOR, FGCOLOR, FONTSIZE, SECTIONALIAS, LEVELALIAS)
VALUES (487158, 343001, 2, NULL, 'Colour indicates prices category', 0, 5, 30, 0, 0, 'F', 'T', 0,
        -6050358, 10, NULL, NULL);
INSERT INTO VENUE_OVERVIEW_COMPONENTS_LC (VENUEOVERVIEWCOMPONENTSLCID, LC_ID, TYPE, LINK_ID, DISPLAYVALUE, SHAPE, X, Y, WIDTH, HEIGHT, ISVERTICAL, ISVISIBLE, BGCOLOR, FGCOLOR, FONTSIZE, SECTIONALIAS, LEVELALIAS)
VALUES
  (487159, 343001, 1, 356152, 'Circle 1', 1, '345;373;408;449;493;531;559;557;545;449;362;344;345',
           '312;337;349;351;348;335;310;335;394;410;394;342;311', 0, 0, 'F', 'T', 0, -16777216,
   NULL, 'Circle 1', 'Circle 1');
INSERT INTO VENUE_OVERVIEW_COMPONENTS_LC (VENUEOVERVIEWCOMPONENTSLCID, LC_ID, TYPE, LINK_ID, DISPLAYVALUE, SHAPE, X, Y, WIDTH, HEIGHT, ISVERTICAL, ISVISIBLE, BGCOLOR, FGCOLOR, FONTSIZE, SECTIONALIAS, LEVELALIAS)
VALUES (487160, 343001, 0, NULL, 'Circle 2_blk', 1,
                '348;368;390;424;477;523;554;554;549;461;355;348;348',
                '427;444;454;461;461;451;425;460;489;506;490;453;425', 0, 0, 'F', 'T', 0, -16777216,
        NULL, NULL, NULL);
INSERT INTO VENUE_OVERVIEW_COMPONENTS_LC (VENUEOVERVIEWCOMPONENTSLCID, LC_ID, TYPE, LINK_ID, DISPLAYVALUE, SHAPE, X, Y, WIDTH, HEIGHT, ISVERTICAL, ISVISIBLE, BGCOLOR, FGCOLOR, FONTSIZE, SECTIONALIAS, LEVELALIAS)
VALUES
  (487161, 343001, 4, NULL, NULL, 0, 433, 251, 36, 27, 'F', 'T', 0, -16777216, NULL, NULL, NULL);
INSERT INTO VENUE_OVERVIEW_COMPONENTS_LC (VENUEOVERVIEWCOMPONENTSLCID, LC_ID, TYPE, LINK_ID, DISPLAYVALUE, SHAPE, X, Y, WIDTH, HEIGHT, ISVERTICAL, ISVISIBLE, BGCOLOR, FGCOLOR, FONTSIZE, SECTIONALIAS, LEVELALIAS)
VALUES
  (487162, 343001, 1, 356151, 'Circle 2', 1, '348;368;390;424;477;523;554;554;549;461;355;348;348',
           '427;444;454;461;461;451;425;460;489;506;490;453;425', 0, 0, 'F', 'T', 0, -16777216,
   NULL, 'Circle 2', 'Circle 2');
INSERT INTO VENUE_OVERVIEW_COMPONENTS_LC (VENUEOVERVIEWCOMPONENTSLCID, LC_ID, TYPE, LINK_ID, DISPLAYVALUE, SHAPE, X, Y, WIDTH, HEIGHT, ISVERTICAL, ISVISIBLE, BGCOLOR, FGCOLOR, FONTSIZE, SECTIONALIAS, LEVELALIAS)
VALUES (487163, 343001, 2, NULL, 'Seat plan is NOT drawn to scale', 0, 5, 16, 0, 0, 'F', 'T', 0,
        -6050358, 10, NULL, NULL);
INSERT INTO VENUE_OVERVIEW_COMPONENTS_LC (VENUEOVERVIEWCOMPONENTSLCID, LC_ID, TYPE, LINK_ID, DISPLAYVALUE, SHAPE, X, Y, WIDTH, HEIGHT, ISVERTICAL, ISVISIBLE, BGCOLOR, FGCOLOR, FONTSIZE, SECTIONALIAS, LEVELALIAS)
VALUES (487164, 343001, 2, NULL, 'Sound', 0, 439, 263, 0, 0, 'F', 'T', 0, -6050358, 10, NULL, NULL);
INSERT INTO VENUE_OVERVIEW_COMPONENTS_LC (VENUEOVERVIEWCOMPONENTSLCID, LC_ID, TYPE, LINK_ID, DISPLAYVALUE, SHAPE, X, Y, WIDTH, HEIGHT, ISVERTICAL, ISVISIBLE, BGCOLOR, FGCOLOR, FONTSIZE, SECTIONALIAS, LEVELALIAS)
VALUES (487165, 343001, 2, NULL, 'STALL', 0, 428, 218, 0, 0, 'F', 'T', 0, -6050358, 20, NULL, NULL);
INSERT INTO VENUE_OVERVIEW_COMPONENTS_LC (VENUEOVERVIEWCOMPONENTSLCID, LC_ID, TYPE, LINK_ID, DISPLAYVALUE, SHAPE, X, Y, WIDTH, HEIGHT, ISVERTICAL, ISVISIBLE, BGCOLOR, FGCOLOR, FONTSIZE, SECTIONALIAS, LEVELALIAS)
VALUES (487166, 343001, 0, NULL, 'Stall_blk', 1,
                '384;390;416;447;489;519;520;537;557;555;553;564;558;533;470;435;371;353;339;350;347;364;384;384',
                '103;103;107;111;107;103;118;124;188;247;253;264;284;291;249;249;292;287;265;255;187;128;119;102',
                0, 0, 'F', 'T', 0, -16777216, NULL, NULL, NULL);
INSERT INTO VENUE_OVERVIEW_COMPONENTS_LC (VENUEOVERVIEWCOMPONENTSLCID, LC_ID, TYPE, LINK_ID, DISPLAYVALUE, SHAPE, X, Y, WIDTH, HEIGHT, ISVERTICAL, ISVISIBLE, BGCOLOR, FGCOLOR, FONTSIZE, SECTIONALIAS, LEVELALIAS)
VALUES (487167, 343001, 2, NULL, 'Ticket prices exclude booking fee', 0, 5, 45, 0, 0, 'F', 'T', 0,
        -6050358, 10, NULL, NULL);
INSERT INTO VENUE_OVERVIEW_COMPONENTS_LC (VENUEOVERVIEWCOMPONENTSLCID, LC_ID, TYPE, LINK_ID, DISPLAYVALUE, SHAPE, X, Y, WIDTH, HEIGHT, ISVERTICAL, ISVISIBLE, BGCOLOR, FGCOLOR, FONTSIZE, SECTIONALIAS, LEVELALIAS)
VALUES (487168, 343001, 0, NULL, 'Circle 1_blk', 1,
                '345;373;408;449;493;531;559;557;545;449;362;344;345',
                '312;337;349;351;348;335;310;335;394;410;394;342;311', 0, 0, 'F', 'T', 0, -16777216,
        NULL, NULL, NULL);
INSERT INTO VENUE_OVERVIEW_COMPONENTS_LC (VENUEOVERVIEWCOMPONENTSLCID, LC_ID, TYPE, LINK_ID, DISPLAYVALUE, SHAPE, X, Y, WIDTH, HEIGHT, ISVERTICAL, ISVISIBLE, BGCOLOR, FGCOLOR, FONTSIZE, SECTIONALIAS, LEVELALIAS)
VALUES (487169, 343001, 2, NULL, 'DRAMA CENTRE', 0, 372, 30, 0, 0, 'F', 'T', 0, -6050358, 25, NULL,
        NULL);
INSERT INTO VENUE_OVERVIEW_COMPONENTS_LC (VENUEOVERVIEWCOMPONENTSLCID, LC_ID, TYPE, LINK_ID, DISPLAYVALUE, SHAPE, X, Y, WIDTH, HEIGHT, ISVERTICAL, ISVISIBLE, BGCOLOR, FGCOLOR, FONTSIZE, SECTIONALIAS, LEVELALIAS)
VALUES
  (487170, 343001, 2, NULL, 'CIRCLE 1', 0, 410, 343, 0, 0, 'F', 'T', 0, -6050358, 20, NULL, NULL);
INSERT INTO VENUE_OVERVIEW_COMPONENTS_LC (VENUEOVERVIEWCOMPONENTSLCID, LC_ID, TYPE, LINK_ID, DISPLAYVALUE, SHAPE, X, Y, WIDTH, HEIGHT, ISVERTICAL, ISVISIBLE, BGCOLOR, FGCOLOR, FONTSIZE, SECTIONALIAS, LEVELALIAS)
VALUES
  (487171, 343001, 2, NULL, 'CIRCLE 2', 0, 408, 452, 0, 0, 'F', 'T', 0, -6050358, 20, NULL, NULL);
INSERT INTO VENUE_OVERVIEW_COMPONENTS_LC (VENUEOVERVIEWCOMPONENTSLCID, LC_ID, TYPE, LINK_ID, DISPLAYVALUE, SHAPE, X, Y, WIDTH, HEIGHT, ISVERTICAL, ISVISIBLE, BGCOLOR, FGCOLOR, FONTSIZE, SECTIONALIAS, LEVELALIAS)
VALUES (487172, 343001, 2, NULL, 'STAGE', 0, 426, 60, 0, 0, 'F', 'T', 0, -6050358, 18, NULL, NULL);
INSERT INTO VENUE_OVERVIEW_COMPONENTS_LC (VENUEOVERVIEWCOMPONENTSLCID, LC_ID, TYPE, LINK_ID, DISPLAYVALUE, SHAPE, X, Y, WIDTH, HEIGHT, ISVERTICAL, ISVISIBLE, BGCOLOR, FGCOLOR, FONTSIZE, SECTIONALIAS, LEVELALIAS)
VALUES
  (487173, 343001, 2, NULL, 'Console', 0, 434, 276, 0, 0, 'F', 'T', 0, -6050358, 10, NULL, NULL);

INSERT INTO VENUE_OVERVIEW_COMPONENTS_PC (COMPONENTID, PC_ID, TYPE, LINK_ID, DISPLAYVALUE, SHAPE, X, Y, WIDTH, HEIGHT, ISVERTICAL, ISVISIBLE, BGCOLOR, FGCOLOR, FONTSIZE)
VALUES (403050, 21343, 0, 352100, 'Stall', 1,
                '384;390;416;447;489;519;520;537;557;555;553;564;558;533;470;435;371;353;339;350;347;364;384;384',
                '103;103;107;111;107;103;118;124;188;247;253;264;284;291;249;249;292;287;265;255;187;128;119;102',
                0, 0, NULL, 'T', 0, NULL, NULL);
INSERT INTO VENUE_OVERVIEW_COMPONENTS_PC (COMPONENTID, PC_ID, TYPE, LINK_ID, DISPLAYVALUE, SHAPE, X, Y, WIDTH, HEIGHT, ISVERTICAL, ISVISIBLE, BGCOLOR, FGCOLOR, FONTSIZE)
VALUES
  (403052, 21343, 0, 352102, 'Circle 1', 1, '345;373;408;449;493;531;559;557;545;449;362;344;345',
           '312;337;349;351;348;335;310;335;394;410;394;342;311', 0, 0, NULL, 'T', 0, NULL, NULL);
INSERT INTO VENUE_OVERVIEW_COMPONENTS_PC (COMPONENTID, PC_ID, TYPE, LINK_ID, DISPLAYVALUE, SHAPE, X, Y, WIDTH, HEIGHT, ISVERTICAL, ISVISIBLE, BGCOLOR, FGCOLOR, FONTSIZE)
VALUES
  (403053, 21343, 0, 352103, 'Circle 2', 1, '348;368;390;424;477;523;554;554;549;461;355;348;348',
           '427;444;454;461;461;451;425;460;489;506;490;453;425', 0, 0, NULL, 'T', 0, NULL, NULL);

INSERT INTO VENUE_SECTION_PC (VENUESECTIONPCID, PC_ID, LEVEL_ID, SECTIONALIAS, AREAALIAS, PARENT_SECTION_ID, ISFULL, PRICE_CAT_ID, PRICECATNUMBER)
VALUES (352100, 21343, 360203, 'Stall', 'Stall', 356153, 'T', 18284, 1);
INSERT INTO VENUE_SECTION_PC (VENUESECTIONPCID, PC_ID, LEVEL_ID, SECTIONALIAS, AREAALIAS, PARENT_SECTION_ID, ISFULL, PRICE_CAT_ID, PRICECATNUMBER)
VALUES (352102, 21343, 360202, 'Circle 1', 'Circle 1', 356152, 'T', 18285, 2);
INSERT INTO VENUE_SECTION_PC (VENUESECTIONPCID, PC_ID, LEVEL_ID, SECTIONALIAS, AREAALIAS, PARENT_SECTION_ID, ISFULL, PRICE_CAT_ID, PRICECATNUMBER)
VALUES (352103, 21343, 360201, 'Circle 2', 'Circle 2', 356151, 'T', 18286, 3);

INSERT INTO VENUE_SECTION_LC (VENUESECTIONLCID, LC_ID, LEVEL_ID, SECTIONALIAS, AREAALIAS, NOOFSEATS, SECTIONTYPE, NEAREST_ENTRANCE_ID, RANK, ISSEATNUMPREVIEW)
VALUES (356153, 343001, 360203, 'Stall', 'Stall', 0, 'RS', NULL, 0, 'F');
INSERT INTO VENUE_SECTION_LC (VENUESECTIONLCID, LC_ID, LEVEL_ID, SECTIONALIAS, AREAALIAS, NOOFSEATS, SECTIONTYPE, NEAREST_ENTRANCE_ID, RANK, ISSEATNUMPREVIEW)
VALUES (356151, 343001, 360201, 'Circle 2', 'Circle 2', 0, 'RS', NULL, 0, 'F');
INSERT INTO VENUE_SECTION_LC (VENUESECTIONLCID, LC_ID, LEVEL_ID, SECTIONALIAS, AREAALIAS, NOOFSEATS, SECTIONTYPE, NEAREST_ENTRANCE_ID, RANK, ISSEATNUMPREVIEW)
VALUES (356152, 343001, 360202, 'Circle 1', 'Circle 1', 0, 'RS', NULL, 0, 'F');

INSERT INTO VENUE_LEVEL_LC (VENUELEVELLCID, LC_ID, LEVELALIAS, LEVELTYPE)
VALUES (360203, 343001, 'Stall', 'B1');
INSERT INTO VENUE_LEVEL_LC (VENUELEVELLCID, LC_ID, LEVELALIAS, LEVELTYPE)
VALUES (360201, 343001, 'Circle 2', 'B1');
INSERT INTO VENUE_LEVEL_LC (VENUELEVELLCID, LC_ID, LEVELALIAS, LEVELTYPE)
VALUES (360202, 343001, 'Circle 1', 'B1');


INSERT INTO PRICE_MODEL_TPL_PRDT_LIVE (PRICEMODELTPLPRDTID, PRICE_MODEL_TEMPLATE_ID, PRODUCT_ID, CREATEDDATE, CREATED_BY, UPDATEDDATE, UPDATED_BY)
VALUES (161620, 19934, 243851, '2016-09-14 15:53:20', 74, '2016-09-14 15:53:20', 74);

INSERT INTO PRICE_MODEL_TEMPLATE_LIVE (PRICEMODELTEMPLATEID, COMPLETESTATUS, PRICEMODELTEMPLATENAME, SELLABILITYTEMPLATEID, CREATEDDATE, CREATED_BY, UPDATEDDATE, UPDATED_BY)
VALUES (19934, 2, 'Standard', 4, '2016-09-14 15:53:13', 74, '2016-09-14 15:53:13', 74);

INSERT INTO PMT_COLUMN_LIVE (PMTCOLUMNID, ORDERNO, PRICECATEGORY_ID, PRICEMODELTEMPLATE_ID, CREATEDDATE, CREATED_BY, UPDATEDDATE, UPDATED_BY)
VALUES (28212, 1, 18284, 19934, '2016-09-14 15:53:13', 74, '2016-09-14 15:53:13', 74);
INSERT INTO PMT_COLUMN_LIVE (PMTCOLUMNID, ORDERNO, PRICECATEGORY_ID, PRICEMODELTEMPLATE_ID, CREATEDDATE, CREATED_BY, UPDATEDDATE, UPDATED_BY)
VALUES (28211, 3, 18286, 19934, '2016-09-14 15:53:13', 74, '2016-09-14 15:53:13', 74);
INSERT INTO PMT_COLUMN_LIVE (PMTCOLUMNID, ORDERNO, PRICECATEGORY_ID, PRICEMODELTEMPLATE_ID, CREATEDDATE, CREATED_BY, UPDATEDDATE, UPDATED_BY)
VALUES (28213, 2, 18285, 19934, '2016-09-14 15:53:13', 74, '2016-09-14 15:53:13', 74);

INSERT INTO PRICE_CATEGORY_LIVE (PRICECATEGORYID, PRICECATEGORYNAME, PRICECATEGORYNUMBER, PRODUCTGROUP_ID, CREATEDDATE, CREATED_BY, UPDATEDDATE, UPDATED_BY)
VALUES (18284, 'Cat 1', 1, 22082, '2016-09-14 15:53:13', 74, '2016-09-14 15:53:13', 74);
INSERT INTO PRICE_CATEGORY_LIVE (PRICECATEGORYID, PRICECATEGORYNAME, PRICECATEGORYNUMBER, PRODUCTGROUP_ID, CREATEDDATE, CREATED_BY, UPDATEDDATE, UPDATED_BY)
VALUES (18285, 'Cat 2', 2, 22082, '2016-09-14 15:53:13', 74, '2016-09-14 15:53:13', 74);
INSERT INTO PRICE_CATEGORY_LIVE (PRICECATEGORYID, PRICECATEGORYNAME, PRICECATEGORYNUMBER, PRODUCTGROUP_ID, CREATEDDATE, CREATED_BY, UPDATEDDATE, UPDATED_BY)
VALUES (18286, 'Cat 3', 3, 22082, '2016-09-14 15:53:13', 74, '2016-09-14 15:53:13', 74);

INSERT INTO PRICE_CATEGORY_COLOR (PRICECATEGORYCOLORID, PRICECATEGORYNUMBER, COLOR)
VALUES (1, 1, -26099);
INSERT INTO PRICE_CATEGORY_COLOR (PRICECATEGORYCOLORID, PRICECATEGORYNUMBER, COLOR)
VALUES (2, 2, -13525000);
INSERT INTO PRICE_CATEGORY_COLOR (PRICECATEGORYCOLORID, PRICECATEGORYNUMBER, COLOR)
VALUES (3, 3, -16415689);

INSERT INTO SALES_SEAT_INVENTORY (SALESSEATINVENTORYID, PRODUCT_ID, RANK, SEATSALESSTATUS, TICKETABLE, PRICE_CAT_ID, PRICE_CLASS_ID, PATRON_ID, RESERVEEXPIRYDATE, SYSTEM_SALE_CODE_ID, HOLD_BY, HOLDDATE, SOLD_BY, SOLDDATE, UPDATEDTIME, UPDATED_BY, HOLDREASON, HOLDEXPIRYNOTIFIED, SECTIONRANK, SPANKEY, VENUE_SEAT_LC_ID, VENUE_SECTION_LC_ID, SALESCYCLESTARTTIME, PACKAGE_ID, PACKAGEREQUIREMENT_ID, PRICEVALUE, SESSIONID, HOLDEXPIRYDATE)
VALUES (120943544, 243851, 1, 5, 1, 18284, 82380, 1920726, NULL, NULL, NULL, NULL, 59, TO_TIMESTAMP(
    '2016-09-09 17:32:54', 'YYYY-MM-DD HH24:MI:SS'), TO_TIMESTAMP('2016-09-09 17:32:54',
                                                                  'YYYY-MM-DD HH24:MI:SS'), 59,
                                                                             NULL, NULL, 0,
                                                                             'Drama Centre TheatreStallStallPA9',
                                                                             2922942, 356153, NULL,
        NULL, NULL, 0.00000, NULL, NULL);
INSERT INTO VENUE_SEAT_LC (VENUESEATID, LC_ID, BLOCK_ID, LEVEL_ID, SECTION_ID, ROW_ID, SEATNO, SEATALIAS, SEATTYPE, RANK, SEATMAPLOCATION, SEATSTATUS, TICKETABLE, NEARESTENTRANCE, TICKETTYPE, SEATATTRIBUTES, AREAALIAS)
VALUES
  (2922942, 343001, 487166, 360203, 356153, 456012, 9, '9', 1, 1, '369;62', NULL, 1, 'Door 3', 'RS',
   0, 'Stall');
