--All Fee Related
TRUNCATE TABLE FEE;
TRUNCATE TABLE FEE_CLASS;
TRUNCATE TABLE FEE_RULE_TABLE_CONFIGURATION;
TRUNCATE TABLE FEE_RULE;
TRUNCATE TABLE FEE_RULE_TABLE;
TRUNCATE TABLE FEE_TEMPLATE_LIVE;
TRUNCATE TABLE FEE_RULE_FEE_MAPPING;
TRUNCATE TABLE FEE_ATTRIBUTES;
TRUNCATE TABLE FEE_VERSION_HISTORY;
TRUNCATE TABLE FEE_CHARGE_RULE;
TRUNCATE TABLE PRODUCT_FEE_TEMPLATE;

INSERT INTO FEE (FEEID, FEENAME, FEE_CLASS_ID, CREATED_BY, CREATEDDATE, UPDATED_BY, UPDATEDDATE) VALUES (2, 'Inside Charge Standard', 2, 1, TO_TIMESTAMP('2013-09-25 15:38:04', 'YYYY-MM-DD HH24:MI:SS'), 1, TO_TIMESTAMP('2013-09-25 15:38:04', 'YYYY-MM-DD HH24:MI:SS'));
INSERT INTO FEE (FEEID, FEENAME, FEE_CLASS_ID, CREATED_BY, CREATEDDATE, UPDATED_BY, UPDATEDDATE) VALUES (3, 'Basic Commission Standard 1.5%', 3, 1, TO_TIMESTAMP('2013-09-25 15:38:04', 'YYYY-MM-DD HH24:MI:SS'), 1, TO_TIMESTAMP('2013-09-25 15:38:04', 'YYYY-MM-DD HH24:MI:SS'));
INSERT INTO FEE (FEEID, FEENAME, FEE_CLASS_ID, CREATED_BY, CREATEDDATE, UPDATED_BY, UPDATEDDATE) VALUES (6, 'Handling Fee', 6, 1, TO_TIMESTAMP('2013-09-25 15:38:04', 'YYYY-MM-DD HH24:MI:SS'), 1, TO_TIMESTAMP('2013-09-25 15:38:04', 'YYYY-MM-DD HH24:MI:SS'));
INSERT INTO FEE (FEEID, FEENAME, FEE_CLASS_ID, CREATED_BY, CREATEDDATE, UPDATED_BY, UPDATEDDATE) VALUES (266, 'Agent Commission 1.5%', 67, 1, TO_TIMESTAMP('2013-09-25 15:38:04', 'YYYY-MM-DD HH24:MI:SS'), 1, TO_TIMESTAMP('2013-09-25 15:38:04', 'YYYY-MM-DD HH24:MI:SS'));
INSERT INTO FEE (FEEID, FEENAME, FEE_CLASS_ID, CREATED_BY, CREATEDDATE, UPDATED_BY, UPDATEDDATE) VALUES (329, 'SISTIC Booking Fee', 5, 1, TO_TIMESTAMP('2013-09-25 15:38:04', 'YYYY-MM-DD HH24:MI:SS'), 1, TO_TIMESTAMP('2013-09-25 15:38:04', 'YYYY-MM-DD HH24:MI:SS'));
INSERT INTO FEE (FEEID, FEENAME, FEE_CLASS_ID, CREATED_BY, CREATEDDATE, UPDATED_BY, UPDATEDDATE) VALUES (420, 'SISTIC Booking Fee (from 1 Sep 2014)', 5, 29, TO_TIMESTAMP('2014-08-14 18:13:36', 'YYYY-MM-DD HH24:MI:SS'), 29, TO_TIMESTAMP('2014-08-14 18:13:36', 'YYYY-MM-DD HH24:MI:SS'));
INSERT INTO FEE (FEEID, FEENAME, FEE_CLASS_ID, CREATED_BY, CREATEDDATE, UPDATED_BY, UPDATEDDATE) VALUES (14, 'Complimentary Standard $0.50', 2, 1, TO_TIMESTAMP('2013-09-25 15:38:04', 'YYYY-MM-DD HH24:MI:SS'), 1, TO_TIMESTAMP('2013-09-25 15:38:04', 'YYYY-MM-DD HH24:MI:SS'));
INSERT INTO FEE (FEEID, FEENAME, FEE_CLASS_ID, CREATED_BY, CREATEDDATE, UPDATED_BY, UPDATEDDATE) VALUES (251, 'Complimentary $0.00', 2, 1, TO_TIMESTAMP('2013-09-25 15:38:04', 'YYYY-MM-DD HH24:MI:SS'), 1, TO_TIMESTAMP('2013-09-25 15:38:04', 'YYYY-MM-DD HH24:MI:SS'));
INSERT INTO FEE (FEEID, FEENAME, FEE_CLASS_ID, CREATED_BY, CREATEDDATE, UPDATED_BY, UPDATEDDATE) VALUES (440, 'Inside Charge on Actual Price', 2, 1241, TO_TIMESTAMP('2015-03-06 22:02:17', 'YYYY-MM-DD HH24:MI:SS'), 1241, TO_TIMESTAMP('2015-05-22 10:38:48', 'YYYY-MM-DD HH24:MI:SS'));
INSERT INTO FEE (FEEID, FEENAME, FEE_CLASS_ID, CREATED_BY, CREATEDDATE, UPDATED_BY, UPDATEDDATE) VALUES (443, 'Excess Complimentary $0.50', 2, 1241, TO_TIMESTAMP('2015-06-03 23:50:55', 'YYYY-MM-DD HH24:MI:SS'), 1241, TO_TIMESTAMP('2015-06-03 23:53:10', 'YYYY-MM-DD HH24:MI:SS'));
INSERT INTO FEE (FEEID, FEENAME, FEE_CLASS_ID, CREATED_BY, CREATEDDATE, UPDATED_BY, UPDATEDDATE) VALUES (444, 'Excess Complimentary $1.50', 2, 1241, TO_TIMESTAMP('2015-06-03 23:58:56', 'YYYY-MM-DD HH24:MI:SS'), 1241, TO_TIMESTAMP('2015-06-03 23:58:56', 'YYYY-MM-DD HH24:MI:SS'));
INSERT INTO FEE (FEEID, FEENAME, FEE_CLASS_ID, CREATED_BY, CREATEDDATE, UPDATED_BY, UPDATEDDATE) VALUES (445, 'Excess Complimentary $1.00', 2, 1241, TO_TIMESTAMP('2015-06-04 00:01:12', 'YYYY-MM-DD HH24:MI:SS'), 1241, TO_TIMESTAMP('2015-06-04 00:01:12', 'YYYY-MM-DD HH24:MI:SS'));

INSERT INTO FEE_CLASS (FEECLASSID, FEECLASSNAME, FEE_CATEGORY_MCT_ID, CHARGETYPE, CREATED_BY, CREATEDDATE, UPDATED_BY, UPDATEDDATE) VALUES (2, 'Inside Charge', 7, 1, 1, TO_TIMESTAMP('2013-09-25 15:36:45', 'YYYY-MM-DD HH24:MI:SS'), 1, TO_TIMESTAMP('2013-09-25 15:36:45', 'YYYY-MM-DD HH24:MI:SS'));
INSERT INTO FEE_CLASS (FEECLASSID, FEECLASSNAME, FEE_CATEGORY_MCT_ID, CHARGETYPE, CREATED_BY, CREATEDDATE, UPDATED_BY, UPDATEDDATE) VALUES (3, 'Basic Commission', 7, 1, 1, TO_TIMESTAMP('2013-09-25 15:36:45', 'YYYY-MM-DD HH24:MI:SS'), 1, TO_TIMESTAMP('2013-09-25 15:36:45', 'YYYY-MM-DD HH24:MI:SS'));
INSERT INTO FEE_CLASS (FEECLASSID, FEECLASSNAME, FEE_CATEGORY_MCT_ID, CHARGETYPE, CREATED_BY, CREATEDDATE, UPDATED_BY, UPDATEDDATE) VALUES (5, 'Service Fee', 7, 2, 1, TO_TIMESTAMP('2013-09-25 15:36:45', 'YYYY-MM-DD HH24:MI:SS'), 1, TO_TIMESTAMP('2013-09-25 15:36:45', 'YYYY-MM-DD HH24:MI:SS'));
INSERT INTO FEE_CLASS (FEECLASSID, FEECLASSNAME, FEE_CATEGORY_MCT_ID, CHARGETYPE, CREATED_BY, CREATEDDATE, UPDATED_BY, UPDATEDDATE) VALUES (6, 'Handling Fee', 8, 2, 1, TO_TIMESTAMP('2013-09-25 15:36:45', 'YYYY-MM-DD HH24:MI:SS'), 1296, TO_TIMESTAMP('2015-12-23 19:45:58', 'YYYY-MM-DD HH24:MI:SS'));
INSERT INTO FEE_CLASS (FEECLASSID, FEECLASSNAME, FEE_CATEGORY_MCT_ID, CHARGETYPE, CREATED_BY, CREATEDDATE, UPDATED_BY, UPDATEDDATE) VALUES (67, 'Agent Commission', 7, 1, 1, TO_TIMESTAMP('2013-09-25 15:36:45', 'YYYY-MM-DD HH24:MI:SS'), 1, TO_TIMESTAMP('2013-09-25 15:36:45', 'YYYY-MM-DD HH24:MI:SS'));

INSERT INTO FEE_RULE_TABLE_CONFIGURATION (FEERULETABLECONFIGID, FEERULESEQUENCE, FEE_RULE_TABLE_ID, FEE_RULE_ID) VALUES (169, 5, 25, 107);
INSERT INTO FEE_RULE_TABLE_CONFIGURATION (FEERULETABLECONFIGID, FEERULESEQUENCE, FEE_RULE_TABLE_ID, FEE_RULE_ID) VALUES (143, 3, 25, 91);
INSERT INTO FEE_RULE_TABLE_CONFIGURATION (FEERULETABLECONFIGID, FEERULESEQUENCE, FEE_RULE_TABLE_ID, FEE_RULE_ID) VALUES (155, 2, 25, 98);
INSERT INTO FEE_RULE_TABLE_CONFIGURATION (FEERULETABLECONFIGID, FEERULESEQUENCE, FEE_RULE_TABLE_ID, FEE_RULE_ID) VALUES (270, 6, 25, 125);
INSERT INTO FEE_RULE_TABLE_CONFIGURATION (FEERULETABLECONFIGID, FEERULESEQUENCE, FEE_RULE_TABLE_ID, FEE_RULE_ID) VALUES (113, 4, 25, 11);
INSERT INTO FEE_RULE_TABLE_CONFIGURATION (FEERULETABLECONFIGID, FEERULESEQUENCE, FEE_RULE_TABLE_ID, FEE_RULE_ID) VALUES (114, 9, 25, 13);
INSERT INTO FEE_RULE_TABLE_CONFIGURATION (FEERULETABLECONFIGID, FEERULESEQUENCE, FEE_RULE_TABLE_ID, FEE_RULE_ID) VALUES (115, 1, 25, 72);
INSERT INTO FEE_RULE_TABLE_CONFIGURATION (FEERULETABLECONFIGID, FEERULESEQUENCE, FEE_RULE_TABLE_ID, FEE_RULE_ID) VALUES (268, 8, 25, 126);
INSERT INTO FEE_RULE_TABLE_CONFIGURATION (FEERULETABLECONFIGID, FEERULESEQUENCE, FEE_RULE_TABLE_ID, FEE_RULE_ID) VALUES (269, 7, 25, 127);
INSERT INTO FEE_RULE_TABLE_CONFIGURATION (FEERULETABLECONFIGID, FEERULESEQUENCE, FEE_RULE_TABLE_ID, FEE_RULE_ID) VALUES (1, 16, 1, 11);
INSERT INTO FEE_RULE_TABLE_CONFIGURATION (FEERULETABLECONFIGID, FEERULESEQUENCE, FEE_RULE_TABLE_ID, FEE_RULE_ID) VALUES (5, 21, 1, 13);
INSERT INTO FEE_RULE_TABLE_CONFIGURATION (FEERULETABLECONFIGID, FEERULESEQUENCE, FEE_RULE_TABLE_ID, FEE_RULE_ID) VALUES (6, 17, 1, 12);
INSERT INTO FEE_RULE_TABLE_CONFIGURATION (FEERULETABLECONFIGID, FEERULESEQUENCE, FEE_RULE_TABLE_ID, FEE_RULE_ID) VALUES (104, 1, 1, 65);
INSERT INTO FEE_RULE_TABLE_CONFIGURATION (FEERULETABLECONFIGID, FEERULESEQUENCE, FEE_RULE_TABLE_ID, FEE_RULE_ID) VALUES (238, 18, 1, 125);
INSERT INTO FEE_RULE_TABLE_CONFIGURATION (FEERULETABLECONFIGID, FEERULESEQUENCE, FEE_RULE_TABLE_ID, FEE_RULE_ID) VALUES (239, 19, 1, 127);
INSERT INTO FEE_RULE_TABLE_CONFIGURATION (FEERULETABLECONFIGID, FEERULESEQUENCE, FEE_RULE_TABLE_ID, FEE_RULE_ID) VALUES (240, 20, 1, 126);
INSERT INTO FEE_RULE_TABLE_CONFIGURATION (FEERULETABLECONFIGID, FEERULESEQUENCE, FEE_RULE_TABLE_ID, FEE_RULE_ID) VALUES (312, 2, 1, 151);

INSERT INTO FEE_RULE (FEERULEID, FEERULENAME, FEERULETYPE, TRANSACTION_CODE_ID, PRICECLASS, PRICECATEGORY, EFFECTIVEDATE, ENDDATE, GROUP_INFO_ID, CREATED_BY, CREATEDDATE, UPDATED_BY, UPDATEDDATE) VALUES (1, 'Standard Charges Rule', 1, 1, 'ALL', 'ALL', TO_TIMESTAMP('2013-10-01 00:00:00', 'YYYY-MM-DD HH24:MI:SS'), TO_TIMESTAMP('2113-11-01 00:00:00', 'YYYY-MM-DD HH24:MI:SS'), 203, 29, TO_TIMESTAMP('2013-10-03 10:19:19', 'YYYY-MM-DD HH24:MI:SS'), 29, TO_TIMESTAMP('2013-10-03 10:34:19', 'YYYY-MM-DD HH24:MI:SS'));
INSERT INTO FEE_RULE (FEERULEID, FEERULENAME, FEERULETYPE, TRANSACTION_CODE_ID, PRICECLASS, PRICECATEGORY, EFFECTIVEDATE, ENDDATE, GROUP_INFO_ID, CREATED_BY, CREATEDDATE, UPDATED_BY, UPDATEDDATE) VALUES (25, 'Esplanade seller Fee Rule', 1, 1, 'ALL', 'ALL', TO_TIMESTAMP('2013-10-01 00:00:00', 'YYYY-MM-DD HH24:MI:SS'), TO_TIMESTAMP('2099-10-31 00:00:00', 'YYYY-MM-DD HH24:MI:SS'), 22, 29, TO_TIMESTAMP('2013-10-09 15:29:40', 'YYYY-MM-DD HH24:MI:SS'), 1241, TO_TIMESTAMP('2015-05-27 11:05:58', 'YYYY-MM-DD HH24:MI:SS'));
INSERT INTO FEE_RULE (FEERULEID, FEERULENAME, FEERULETYPE, TRANSACTION_CODE_ID, PRICECLASS, PRICECATEGORY, EFFECTIVEDATE, ENDDATE, GROUP_INFO_ID, CREATED_BY, CREATEDDATE, UPDATED_BY, UPDATEDDATE) VALUES (11, 'Complimentary $0.00 Venue & SISTIC Use', 1, 1, 'CB,CC', 'ALL', TO_TIMESTAMP('2013-10-01 00:00:00', 'YYYY-MM-DD HH24:MI:SS'), TO_TIMESTAMP('2113-12-31 00:00:00', 'YYYY-MM-DD HH24:MI:SS'), 203, 29, TO_TIMESTAMP('2013-10-03 11:15:36', 'YYYY-MM-DD HH24:MI:SS'), 1241, TO_TIMESTAMP('2015-10-01 17:33:11', 'YYYY-MM-DD HH24:MI:SS'));
INSERT INTO FEE_RULE (FEERULEID, FEERULENAME, FEERULETYPE, TRANSACTION_CODE_ID, PRICECLASS, PRICECATEGORY, EFFECTIVEDATE, ENDDATE, GROUP_INFO_ID, CREATED_BY, CREATEDDATE, UPDATED_BY, UPDATEDDATE) VALUES (13, 'Standard Complimentary Fee Rule', 1, 1, 'C,C1,C2,C3,C4,C5,C6,C7,C8,C9,CA,CD,CE,CF,CG,CH,CI,CJ,CK,CL,CM,CN,CO,CP,CQ,CR,CS,CT,CU,CV,CW,CX,CY,CZ', 'ALL', TO_TIMESTAMP('2013-10-01 00:00:00', 'YYYY-MM-DD HH24:MI:SS'), TO_TIMESTAMP('2113-12-31 00:00:00', 'YYYY-MM-DD HH24:MI:SS'), 203, 29, TO_TIMESTAMP('2013-10-03 11:23:05', 'YYYY-MM-DD HH24:MI:SS'), 29, TO_TIMESTAMP('2013-10-24 17:09:59', 'YYYY-MM-DD HH24:MI:SS'));
INSERT INTO FEE_RULE (FEERULEID, FEERULENAME, FEERULETYPE, TRANSACTION_CODE_ID, PRICECLASS, PRICECATEGORY, EFFECTIVEDATE, ENDDATE, GROUP_INFO_ID, CREATED_BY, CREATEDDATE, UPDATED_BY, UPDATEDDATE) VALUES (72, '040IC Fee Rule ($4 BF)', 1, 1, 'ALL', 'ALL', TO_TIMESTAMP('2014-08-26 00:00:00', 'YYYY-MM-DD HH24:MI:SS'), TO_TIMESTAMP('2099-08-26 00:00:00', 'YYYY-MM-DD HH24:MI:SS'), 203, 29, TO_TIMESTAMP('2014-08-22 11:38:24', 'YYYY-MM-DD HH24:MI:SS'), 29, TO_TIMESTAMP('2014-08-26 12:05:02', 'YYYY-MM-DD HH24:MI:SS'));
INSERT INTO FEE_RULE (FEERULEID, FEERULENAME, FEERULETYPE, TRANSACTION_CODE_ID, PRICECLASS, PRICECATEGORY, EFFECTIVEDATE, ENDDATE, GROUP_INFO_ID, CREATED_BY, CREATEDDATE, UPDATED_BY, UPDATEDDATE) VALUES (107, 'Excess Complimentary Fee Rule 040IC', 1, 1, 'B,B1,B2,B3,B4,B5,B6,B7,B8,B9', 'ALL', TO_TIMESTAMP('2013-10-01 00:00:00', 'YYYY-MM-DD HH24:MI:SS'), TO_TIMESTAMP('2113-12-31 00:00:00', 'YYYY-MM-DD HH24:MI:SS'), 203, 27, TO_TIMESTAMP('2014-10-09 11:57:25', 'YYYY-MM-DD HH24:MI:SS'), 27, TO_TIMESTAMP('2014-10-09 11:59:31', 'YYYY-MM-DD HH24:MI:SS'));
INSERT INTO FEE_RULE (FEERULEID, FEERULENAME, FEERULETYPE, TRANSACTION_CODE_ID, PRICECLASS, PRICECATEGORY, EFFECTIVEDATE, ENDDATE, GROUP_INFO_ID, CREATED_BY, CREATEDDATE, UPDATED_BY, UPDATEDDATE) VALUES (125, 'Standard Excess Comp Fee Rule $0.50', 1, 1, 'B1', 'ALL', TO_TIMESTAMP('2015-06-03 00:00:00', 'YYYY-MM-DD HH24:MI:SS'), TO_TIMESTAMP('2115-06-03 00:00:00', 'YYYY-MM-DD HH24:MI:SS'), 203, 1241, TO_TIMESTAMP('2015-06-03 23:55:04', 'YYYY-MM-DD HH24:MI:SS'), 1241, TO_TIMESTAMP('2015-06-03 23:55:38', 'YYYY-MM-DD HH24:MI:SS'));
INSERT INTO FEE_RULE (FEERULEID, FEERULENAME, FEERULETYPE, TRANSACTION_CODE_ID, PRICECLASS, PRICECATEGORY, EFFECTIVEDATE, ENDDATE, GROUP_INFO_ID, CREATED_BY, CREATEDDATE, UPDATED_BY, UPDATEDDATE) VALUES (126, 'Standard Excess Comp Fee Rule $1.50', 1, 1, 'B3', 'ALL', TO_TIMESTAMP('2015-06-03 00:00:00', 'YYYY-MM-DD HH24:MI:SS'), TO_TIMESTAMP('2115-06-03 00:00:00', 'YYYY-MM-DD HH24:MI:SS'), 203, 1241, TO_TIMESTAMP('2015-06-04 00:00:30', 'YYYY-MM-DD HH24:MI:SS'), 1241, TO_TIMESTAMP('2015-06-04 00:02:42', 'YYYY-MM-DD HH24:MI:SS'));
INSERT INTO FEE_RULE (FEERULEID, FEERULENAME, FEERULETYPE, TRANSACTION_CODE_ID, PRICECLASS, PRICECATEGORY, EFFECTIVEDATE, ENDDATE, GROUP_INFO_ID, CREATED_BY, CREATEDDATE, UPDATED_BY, UPDATEDDATE) VALUES (127, 'Standard Excess Comp Fee Rule $1.00', 1, 1, 'B2', 'ALL', TO_TIMESTAMP('2015-06-03 00:00:00', 'YYYY-MM-DD HH24:MI:SS'), TO_TIMESTAMP('2115-06-03 00:00:00', 'YYYY-MM-DD HH24:MI:SS'), 203, 1241, TO_TIMESTAMP('2015-06-04 00:03:11', 'YYYY-MM-DD HH24:MI:SS'), 1241, TO_TIMESTAMP('2015-06-04 00:03:30', 'YYYY-MM-DD HH24:MI:SS'));
INSERT INTO FEE_RULE (FEERULEID, FEERULENAME, FEERULETYPE, TRANSACTION_CODE_ID, PRICECLASS, PRICECATEGORY, EFFECTIVEDATE, ENDDATE, GROUP_INFO_ID, CREATED_BY, CREATEDDATE, UPDATED_BY, UPDATEDDATE) VALUES (91, '040IC SISTIC Staff Purchase Fee Rule', 1, 1, 'ALL', 'ALL', TO_TIMESTAMP('2014-08-26 00:00:00', 'YYYY-MM-DD HH24:MI:SS'), TO_TIMESTAMP('2099-08-26 00:00:00', 'YYYY-MM-DD HH24:MI:SS'), 490, 27, TO_TIMESTAMP('2014-09-08 18:38:45', 'YYYY-MM-DD HH24:MI:SS'), 27, TO_TIMESTAMP('2014-09-11 12:09:17', 'YYYY-MM-DD HH24:MI:SS'));
INSERT INTO FEE_RULE (FEERULEID, FEERULENAME, FEERULETYPE, TRANSACTION_CODE_ID, PRICECLASS, PRICECATEGORY, EFFECTIVEDATE, ENDDATE, GROUP_INFO_ID, CREATED_BY, CREATEDDATE, UPDATED_BY, UPDATEDDATE) VALUES (98, 'Group Sales 040IC Fee Rule ($4 BF) - $1 Group Sales fee', 1, 1, 'ALL', 'ALL', TO_TIMESTAMP('2014-08-27 00:00:00', 'YYYY-MM-DD HH24:MI:SS'), TO_TIMESTAMP('2099-08-28 00:00:00', 'YYYY-MM-DD HH24:MI:SS'), 328, 27, TO_TIMESTAMP('2014-09-16 11:21:36', 'YYYY-MM-DD HH24:MI:SS'), 27, TO_TIMESTAMP('2014-09-16 11:22:03', 'YYYY-MM-DD HH24:MI:SS'));
INSERT INTO FEE_RULE (FEERULEID, FEERULENAME, FEERULETYPE, TRANSACTION_CODE_ID, PRICECLASS, PRICECATEGORY, EFFECTIVEDATE, ENDDATE, GROUP_INFO_ID, CREATED_BY, CREATEDDATE, UPDATED_BY, UPDATEDDATE) VALUES (12, 'Standard Excess Complimentary Fee Rule', 1, 1, 'B,B4,B5,B6', 'ALL', TO_TIMESTAMP('2013-10-01 00:00:00', 'YYYY-MM-DD HH24:MI:SS'), TO_TIMESTAMP('2113-12-31 00:00:00', 'YYYY-MM-DD HH24:MI:SS'), 203, 29, TO_TIMESTAMP('2013-10-03 11:18:36', 'YYYY-MM-DD HH24:MI:SS'), 1241, TO_TIMESTAMP('2015-07-09 00:08:30', 'YYYY-MM-DD HH24:MI:SS'));
INSERT INTO FEE_RULE (FEERULEID, FEERULENAME, FEERULETYPE, TRANSACTION_CODE_ID, PRICECLASS, PRICECATEGORY, EFFECTIVEDATE, ENDDATE, GROUP_INFO_ID, CREATED_BY, CREATEDDATE, UPDATED_BY, UPDATEDDATE) VALUES (65, 'Standard Charges Rule ($4 BF)', 1, 1, 'ALL', 'ALL', TO_TIMESTAMP('2014-08-28 00:00:00', 'YYYY-MM-DD HH24:MI:SS'), TO_TIMESTAMP('2099-08-28 00:00:00', 'YYYY-MM-DD HH24:MI:SS'), 203, 29, TO_TIMESTAMP('2014-08-15 11:36:49', 'YYYY-MM-DD HH24:MI:SS'), 29, TO_TIMESTAMP('2014-08-28 10:30:02', 'YYYY-MM-DD HH24:MI:SS'));
INSERT INTO FEE_RULE (FEERULEID, FEERULENAME, FEERULETYPE, TRANSACTION_CODE_ID, PRICECLASS, PRICECATEGORY, EFFECTIVEDATE, ENDDATE, GROUP_INFO_ID, CREATED_BY, CREATEDDATE, UPDATED_BY, UPDATEDDATE) VALUES (151, 'Standard fee rule ($4BF) Addon Actual', 1, 1, 'AX,AY,AZ', 'ALL', TO_TIMESTAMP('2014-08-28 00:00:00', 'YYYY-MM-DD HH24:MI:SS'), TO_TIMESTAMP('2099-08-28 00:00:00', 'YYYY-MM-DD HH24:MI:SS'), 203, 1241, TO_TIMESTAMP('2015-09-22 16:49:49', 'YYYY-MM-DD HH24:MI:SS'), 1241, TO_TIMESTAMP('2015-09-22 16:51:06', 'YYYY-MM-DD HH24:MI:SS'));

INSERT INTO FEE_RULE_TABLE (FEERULETABLEID, FEERULETABLENAME, FEERULETABLECATEGORY, FEERULETABLETYPE, STATUS, CREATED_BY, CREATEDDATE, UPDATED_BY, UPDATEDDATE) VALUES (25, '040IC Fee Rule Table ($4 BF)', 2, 1, 2, 29, TO_TIMESTAMP('2014-08-28 11:13:42', 'YYYY-MM-DD HH24:MI:SS'), 29, TO_TIMESTAMP('2014-08-28 11:14:06', 'YYYY-MM-DD HH24:MI:SS'));
INSERT INTO FEE_RULE_TABLE (FEERULETABLEID, FEERULETABLENAME, FEERULETABLECATEGORY, FEERULETABLETYPE, STATUS, CREATED_BY, CREATEDDATE, UPDATED_BY, UPDATEDDATE) VALUES (1, 'Standard Product Fee Rule', 1, 1, 2, 29, TO_TIMESTAMP('2013-10-03 11:38:39', 'YYYY-MM-DD HH24:MI:SS'), 26, TO_TIMESTAMP('2013-10-10 11:10:38', 'YYYY-MM-DD HH24:MI:SS'));

INSERT INTO FEE_TEMPLATE_LIVE (FEETEMPLATEID, FEETEMPLATENAME, ISSTANDARDRULEAPBL, EVENT_SPECIFIC_RULE_ID, TXN_FEE_LIST_ID, CREATED_BY, CREATEDDATE, UPDATED_BY, UPDATEDDATE, COMPLETESTATUS) VALUES (6573, 'Standard', 'T', 25, null, 8194, TO_TIMESTAMP('2016-10-25 18:37:58', 'YYYY-MM-DD HH24:MI:SS'), 8194, TO_TIMESTAMP('2016-10-25 18:37:58', 'YYYY-MM-DD HH24:MI:SS'), 2);

INSERT INTO FEE_RULE_FEE_MAPPING (FEERULEFEEMAPPINGID, FEE_RULE_ID, FEE_ID) VALUES (213, 72, 6);
INSERT INTO FEE_RULE_FEE_MAPPING (FEERULEFEEMAPPINGID, FEE_RULE_ID, FEE_ID) VALUES (210, 72, 24);
INSERT INTO FEE_RULE_FEE_MAPPING (FEERULEFEEMAPPINGID, FEE_RULE_ID, FEE_ID) VALUES (211, 72, 3);
INSERT INTO FEE_RULE_FEE_MAPPING (FEERULEFEEMAPPINGID, FEE_RULE_ID, FEE_ID) VALUES (214, 72, 266);
INSERT INTO FEE_RULE_FEE_MAPPING (FEERULEFEEMAPPINGID, FEE_RULE_ID, FEE_ID) VALUES (215, 72, 420);
INSERT INTO FEE_RULE_FEE_MAPPING (FEERULEFEEMAPPINGID, FEE_RULE_ID, FEE_ID) VALUES (16, 11, 251);
INSERT INTO FEE_RULE_FEE_MAPPING (FEERULEFEEMAPPINGID, FEE_RULE_ID, FEE_ID) VALUES (17, 12, 2);
INSERT INTO FEE_RULE_FEE_MAPPING (FEERULEFEEMAPPINGID, FEE_RULE_ID, FEE_ID) VALUES (18, 12, 3);
INSERT INTO FEE_RULE_FEE_MAPPING (FEERULEFEEMAPPINGID, FEE_RULE_ID, FEE_ID) VALUES (19, 13, 14);
INSERT INTO FEE_RULE_FEE_MAPPING (FEERULEFEEMAPPINGID, FEE_RULE_ID, FEE_ID) VALUES (20, 13, 6);
INSERT INTO FEE_RULE_FEE_MAPPING (FEERULEFEEMAPPINGID, FEE_RULE_ID, FEE_ID) VALUES (181, 65, 2);
INSERT INTO FEE_RULE_FEE_MAPPING (FEERULEFEEMAPPINGID, FEE_RULE_ID, FEE_ID) VALUES (182, 65, 6);
INSERT INTO FEE_RULE_FEE_MAPPING (FEERULEFEEMAPPINGID, FEE_RULE_ID, FEE_ID) VALUES (183, 65, 420);
INSERT INTO FEE_RULE_FEE_MAPPING (FEERULEFEEMAPPINGID, FEE_RULE_ID, FEE_ID) VALUES (184, 65, 266);
INSERT INTO FEE_RULE_FEE_MAPPING (FEERULEFEEMAPPINGID, FEE_RULE_ID, FEE_ID) VALUES (185, 65, 3);
INSERT INTO FEE_RULE_FEE_MAPPING (FEERULEFEEMAPPINGID, FEE_RULE_ID, FEE_ID) VALUES (437, 125, 443);
INSERT INTO FEE_RULE_FEE_MAPPING (FEERULEFEEMAPPINGID, FEE_RULE_ID, FEE_ID) VALUES (438, 126, 444);
INSERT INTO FEE_RULE_FEE_MAPPING (FEERULEFEEMAPPINGID, FEE_RULE_ID, FEE_ID) VALUES (439, 127, 445);
INSERT INTO FEE_RULE_FEE_MAPPING (FEERULEFEEMAPPINGID, FEE_RULE_ID, FEE_ID) VALUES (536, 151, 440);
INSERT INTO FEE_RULE_FEE_MAPPING (FEERULEFEEMAPPINGID, FEE_RULE_ID, FEE_ID) VALUES (537, 151, 266);
INSERT INTO FEE_RULE_FEE_MAPPING (FEERULEFEEMAPPINGID, FEE_RULE_ID, FEE_ID) VALUES (538, 151, 3);
INSERT INTO FEE_RULE_FEE_MAPPING (FEERULEFEEMAPPINGID, FEE_RULE_ID, FEE_ID) VALUES (539, 151, 6);
INSERT INTO FEE_RULE_FEE_MAPPING (FEERULEFEEMAPPINGID, FEE_RULE_ID, FEE_ID) VALUES (540, 151, 420);

INSERT INTO FEE_ATTRIBUTES (FEEATTRIBUTEID, CHARGETYPE, ISPRODUCTPRICE, CHANNEL, TAXSTATUS, INCLUDETICKETPRICE, METHOD_CODE, FEE_VERSION_HISTORY_ID, LEVY_BY_MCT_ID, PAYER_MCT_ID, PAYEE_MCT_ID) VALUES (300, 2, 1, null, 2, 0, null, 3, 63, 81, 75);
INSERT INTO FEE_ATTRIBUTES (FEEATTRIBUTEID, CHARGETYPE, ISPRODUCTPRICE, CHANNEL, TAXSTATUS, INCLUDETICKETPRICE, METHOD_CODE, FEE_VERSION_HISTORY_ID, LEVY_BY_MCT_ID, PAYER_MCT_ID, PAYEE_MCT_ID) VALUES (2187, 1, 1, null, 2, 0, 26, 6, 61, 79, 75);
INSERT INTO FEE_ATTRIBUTES (FEEATTRIBUTEID, CHARGETYPE, ISPRODUCTPRICE, CHANNEL, TAXSTATUS, INCLUDETICKETPRICE, METHOD_CODE, FEE_VERSION_HISTORY_ID, LEVY_BY_MCT_ID, PAYER_MCT_ID, PAYEE_MCT_ID) VALUES (2369, 1, 1, null, 2, 0, 50, 6, 61, 79, 75);
INSERT INTO FEE_ATTRIBUTES (FEEATTRIBUTEID, CHARGETYPE, ISPRODUCTPRICE, CHANNEL, TAXSTATUS, INCLUDETICKETPRICE, METHOD_CODE, FEE_VERSION_HISTORY_ID, LEVY_BY_MCT_ID, PAYER_MCT_ID, PAYEE_MCT_ID) VALUES (2299, 1, null, null, null, 0, 44, 6, 62, 79, 75);
INSERT INTO FEE_ATTRIBUTES (FEEATTRIBUTEID, CHARGETYPE, ISPRODUCTPRICE, CHANNEL, TAXSTATUS, INCLUDETICKETPRICE, METHOD_CODE, FEE_VERSION_HISTORY_ID, LEVY_BY_MCT_ID, PAYER_MCT_ID, PAYEE_MCT_ID) VALUES (603, 1, null, null, null, 0, 47, 6, 61, 79, 75);
INSERT INTO FEE_ATTRIBUTES (FEEATTRIBUTEID, CHARGETYPE, ISPRODUCTPRICE, CHANNEL, TAXSTATUS, INCLUDETICKETPRICE, METHOD_CODE, FEE_VERSION_HISTORY_ID, LEVY_BY_MCT_ID, PAYER_MCT_ID, PAYEE_MCT_ID) VALUES (2141, 1, 1, null, 2, 0, 40, 6, 61, 79, 75);
INSERT INTO FEE_ATTRIBUTES (FEEATTRIBUTEID, CHARGETYPE, ISPRODUCTPRICE, CHANNEL, TAXSTATUS, INCLUDETICKETPRICE, METHOD_CODE, FEE_VERSION_HISTORY_ID, LEVY_BY_MCT_ID, PAYER_MCT_ID, PAYEE_MCT_ID) VALUES (2183, 1, 1, null, 2, 0, 22, 6, 61, 79, 75);
INSERT INTO FEE_ATTRIBUTES (FEEATTRIBUTEID, CHARGETYPE, ISPRODUCTPRICE, CHANNEL, TAXSTATUS, INCLUDETICKETPRICE, METHOD_CODE, FEE_VERSION_HISTORY_ID, LEVY_BY_MCT_ID, PAYER_MCT_ID, PAYEE_MCT_ID) VALUES (2314, 1, 1, null, 2, 0, 48, 6, 61, 79, 75);
INSERT INTO FEE_ATTRIBUTES (FEEATTRIBUTEID, CHARGETYPE, ISPRODUCTPRICE, CHANNEL, TAXSTATUS, INCLUDETICKETPRICE, METHOD_CODE, FEE_VERSION_HISTORY_ID, LEVY_BY_MCT_ID, PAYER_MCT_ID, PAYEE_MCT_ID) VALUES (2210, 1, 1, null, 2, 0, 6, 6, 61, 79, 75);
INSERT INTO FEE_ATTRIBUTES (FEEATTRIBUTEID, CHARGETYPE, ISPRODUCTPRICE, CHANNEL, TAXSTATUS, INCLUDETICKETPRICE, METHOD_CODE, FEE_VERSION_HISTORY_ID, LEVY_BY_MCT_ID, PAYER_MCT_ID, PAYEE_MCT_ID) VALUES (2336, 1, 1, null, 2, 0, 36, 6, 60, 79, 75);
INSERT INTO FEE_ATTRIBUTES (FEEATTRIBUTEID, CHARGETYPE, ISPRODUCTPRICE, CHANNEL, TAXSTATUS, INCLUDETICKETPRICE, METHOD_CODE, FEE_VERSION_HISTORY_ID, LEVY_BY_MCT_ID, PAYER_MCT_ID, PAYEE_MCT_ID) VALUES (2311, 1, 1, null, 2, 0, 37, 6, 61, 79, 75);
INSERT INTO FEE_ATTRIBUTES (FEEATTRIBUTEID, CHARGETYPE, ISPRODUCTPRICE, CHANNEL, TAXSTATUS, INCLUDETICKETPRICE, METHOD_CODE, FEE_VERSION_HISTORY_ID, LEVY_BY_MCT_ID, PAYER_MCT_ID, PAYEE_MCT_ID) VALUES (2312, 1, 1, null, 2, 0, 42, 6, 61, 79, 75);
INSERT INTO FEE_ATTRIBUTES (FEEATTRIBUTEID, CHARGETYPE, ISPRODUCTPRICE, CHANNEL, TAXSTATUS, INCLUDETICKETPRICE, METHOD_CODE, FEE_VERSION_HISTORY_ID, LEVY_BY_MCT_ID, PAYER_MCT_ID, PAYEE_MCT_ID) VALUES (2211, 1, 1, null, 2, 0, 20, 6, 61, 79, 75);
INSERT INTO FEE_ATTRIBUTES (FEEATTRIBUTEID, CHARGETYPE, ISPRODUCTPRICE, CHANNEL, TAXSTATUS, INCLUDETICKETPRICE, METHOD_CODE, FEE_VERSION_HISTORY_ID, LEVY_BY_MCT_ID, PAYER_MCT_ID, PAYEE_MCT_ID) VALUES (2330, 1, 1, null, 2, 0, 57, 6, 62, 79, 75);
INSERT INTO FEE_ATTRIBUTES (FEEATTRIBUTEID, CHARGETYPE, ISPRODUCTPRICE, CHANNEL, TAXSTATUS, INCLUDETICKETPRICE, METHOD_CODE, FEE_VERSION_HISTORY_ID, LEVY_BY_MCT_ID, PAYER_MCT_ID, PAYEE_MCT_ID) VALUES (2385, 1, 1, null, 2, 0, 51, 6, 61, 79, 75);
INSERT INTO FEE_ATTRIBUTES (FEEATTRIBUTEID, CHARGETYPE, ISPRODUCTPRICE, CHANNEL, TAXSTATUS, INCLUDETICKETPRICE, METHOD_CODE, FEE_VERSION_HISTORY_ID, LEVY_BY_MCT_ID, PAYER_MCT_ID, PAYEE_MCT_ID) VALUES (2188, 1, 1, null, 2, 0, 27, 6, 61, 79, 75);
INSERT INTO FEE_ATTRIBUTES (FEEATTRIBUTEID, CHARGETYPE, ISPRODUCTPRICE, CHANNEL, TAXSTATUS, INCLUDETICKETPRICE, METHOD_CODE, FEE_VERSION_HISTORY_ID, LEVY_BY_MCT_ID, PAYER_MCT_ID, PAYEE_MCT_ID) VALUES (2329, 1, 1, null, 2, 0, 39, 6, 60, 79, 75);
INSERT INTO FEE_ATTRIBUTES (FEEATTRIBUTEID, CHARGETYPE, ISPRODUCTPRICE, CHANNEL, TAXSTATUS, INCLUDETICKETPRICE, METHOD_CODE, FEE_VERSION_HISTORY_ID, LEVY_BY_MCT_ID, PAYER_MCT_ID, PAYEE_MCT_ID) VALUES (2508, 1, null, null, null, 0, 113, 6, 60, 79, 75);
INSERT INTO FEE_ATTRIBUTES (FEEATTRIBUTEID, CHARGETYPE, ISPRODUCTPRICE, CHANNEL, TAXSTATUS, INCLUDETICKETPRICE, METHOD_CODE, FEE_VERSION_HISTORY_ID, LEVY_BY_MCT_ID, PAYER_MCT_ID, PAYEE_MCT_ID) VALUES (2437, 1, 1, null, 1, 0, null, 419, 63, 79, 75);
INSERT INTO FEE_ATTRIBUTES (FEEATTRIBUTEID, CHARGETYPE, ISPRODUCTPRICE, CHANNEL, TAXSTATUS, INCLUDETICKETPRICE, METHOD_CODE, FEE_VERSION_HISTORY_ID, LEVY_BY_MCT_ID, PAYER_MCT_ID, PAYEE_MCT_ID) VALUES (2180, 1, 1, null, 2, 0, 14, 6, 61, 79, 75);
INSERT INTO FEE_ATTRIBUTES (FEEATTRIBUTEID, CHARGETYPE, ISPRODUCTPRICE, CHANNEL, TAXSTATUS, INCLUDETICKETPRICE, METHOD_CODE, FEE_VERSION_HISTORY_ID, LEVY_BY_MCT_ID, PAYER_MCT_ID, PAYEE_MCT_ID) VALUES (2280, 1, 1, null, 2, 0, 49, 6, 61, 79, 75);
INSERT INTO FEE_ATTRIBUTES (FEEATTRIBUTEID, CHARGETYPE, ISPRODUCTPRICE, CHANNEL, TAXSTATUS, INCLUDETICKETPRICE, METHOD_CODE, FEE_VERSION_HISTORY_ID, LEVY_BY_MCT_ID, PAYER_MCT_ID, PAYEE_MCT_ID) VALUES (2378, 1, 1, null, 2, 0, 35, 6, 60, 79, 75);
INSERT INTO FEE_ATTRIBUTES (FEEATTRIBUTEID, CHARGETYPE, ISPRODUCTPRICE, CHANNEL, TAXSTATUS, INCLUDETICKETPRICE, METHOD_CODE, FEE_VERSION_HISTORY_ID, LEVY_BY_MCT_ID, PAYER_MCT_ID, PAYEE_MCT_ID) VALUES (2087, 1, 1, null, 2, 0, 46, 6, 61, 79, 75);
INSERT INTO FEE_ATTRIBUTES (FEEATTRIBUTEID, CHARGETYPE, ISPRODUCTPRICE, CHANNEL, TAXSTATUS, INCLUDETICKETPRICE, METHOD_CODE, FEE_VERSION_HISTORY_ID, LEVY_BY_MCT_ID, PAYER_MCT_ID, PAYEE_MCT_ID) VALUES (604, 1, null, null, null, 0, 56, 6, 62, 79, 75);
INSERT INTO FEE_ATTRIBUTES (FEEATTRIBUTEID, CHARGETYPE, ISPRODUCTPRICE, CHANNEL, TAXSTATUS, INCLUDETICKETPRICE, METHOD_CODE, FEE_VERSION_HISTORY_ID, LEVY_BY_MCT_ID, PAYER_MCT_ID, PAYEE_MCT_ID) VALUES (2295, 1, 1, null, 2, 0, 41, 6, 61, 79, 75);
INSERT INTO FEE_ATTRIBUTES (FEEATTRIBUTEID, CHARGETYPE, ISPRODUCTPRICE, CHANNEL, TAXSTATUS, INCLUDETICKETPRICE, METHOD_CODE, FEE_VERSION_HISTORY_ID, LEVY_BY_MCT_ID, PAYER_MCT_ID, PAYEE_MCT_ID) VALUES (2186, 1, 1, null, 2, 0, 25, 6, 61, 79, 75);
INSERT INTO FEE_ATTRIBUTES (FEEATTRIBUTEID, CHARGETYPE, ISPRODUCTPRICE, CHANNEL, TAXSTATUS, INCLUDETICKETPRICE, METHOD_CODE, FEE_VERSION_HISTORY_ID, LEVY_BY_MCT_ID, PAYER_MCT_ID, PAYEE_MCT_ID) VALUES (2143, 1, 1, null, 1, 0, null, 329, 63, 79, 75);
INSERT INTO FEE_ATTRIBUTES (FEEATTRIBUTEID, CHARGETYPE, ISPRODUCTPRICE, CHANNEL, TAXSTATUS, INCLUDETICKETPRICE, METHOD_CODE, FEE_VERSION_HISTORY_ID, LEVY_BY_MCT_ID, PAYER_MCT_ID, PAYEE_MCT_ID) VALUES (2181, 1, 1, null, 2, 0, 18, 6, 61, 79, 75);
INSERT INTO FEE_ATTRIBUTES (FEEATTRIBUTEID, CHARGETYPE, ISPRODUCTPRICE, CHANNEL, TAXSTATUS, INCLUDETICKETPRICE, METHOD_CODE, FEE_VERSION_HISTORY_ID, LEVY_BY_MCT_ID, PAYER_MCT_ID, PAYEE_MCT_ID) VALUES (2240, 1, 1, null, 2, 0, 33, 6, 60, 79, 75);
INSERT INTO FEE_ATTRIBUTES (FEEATTRIBUTEID, CHARGETYPE, ISPRODUCTPRICE, CHANNEL, TAXSTATUS, INCLUDETICKETPRICE, METHOD_CODE, FEE_VERSION_HISTORY_ID, LEVY_BY_MCT_ID, PAYER_MCT_ID, PAYEE_MCT_ID) VALUES (2217, 1, 1, null, 2, 0, 3, 6, 62, 85, 69);
INSERT INTO FEE_ATTRIBUTES (FEEATTRIBUTEID, CHARGETYPE, ISPRODUCTPRICE, CHANNEL, TAXSTATUS, INCLUDETICKETPRICE, METHOD_CODE, FEE_VERSION_HISTORY_ID, LEVY_BY_MCT_ID, PAYER_MCT_ID, PAYEE_MCT_ID) VALUES (2178, 1, 1, null, 2, 0, 12, 6, 61, 79, 75);
INSERT INTO FEE_ATTRIBUTES (FEEATTRIBUTEID, CHARGETYPE, ISPRODUCTPRICE, CHANNEL, TAXSTATUS, INCLUDETICKETPRICE, METHOD_CODE, FEE_VERSION_HISTORY_ID, LEVY_BY_MCT_ID, PAYER_MCT_ID, PAYEE_MCT_ID) VALUES (2300, 1, 1, null, 2, 0, 16, 6, 61, 79, 75);
INSERT INTO FEE_ATTRIBUTES (FEEATTRIBUTEID, CHARGETYPE, ISPRODUCTPRICE, CHANNEL, TAXSTATUS, INCLUDETICKETPRICE, METHOD_CODE, FEE_VERSION_HISTORY_ID, LEVY_BY_MCT_ID, PAYER_MCT_ID, PAYEE_MCT_ID) VALUES (2371, 1, 1, null, 2, 0, 5, 6, 61, 79, 75);
INSERT INTO FEE_ATTRIBUTES (FEEATTRIBUTEID, CHARGETYPE, ISPRODUCTPRICE, CHANNEL, TAXSTATUS, INCLUDETICKETPRICE, METHOD_CODE, FEE_VERSION_HISTORY_ID, LEVY_BY_MCT_ID, PAYER_MCT_ID, PAYEE_MCT_ID) VALUES (2388, 1, 1, null, 2, 0, 11, 6, 61, 79, 75);
INSERT INTO FEE_ATTRIBUTES (FEEATTRIBUTEID, CHARGETYPE, ISPRODUCTPRICE, CHANNEL, TAXSTATUS, INCLUDETICKETPRICE, METHOD_CODE, FEE_VERSION_HISTORY_ID, LEVY_BY_MCT_ID, PAYER_MCT_ID, PAYEE_MCT_ID) VALUES (2179, 1, 1, null, 2, 0, 13, 6, 61, 79, 75);
INSERT INTO FEE_ATTRIBUTES (FEEATTRIBUTEID, CHARGETYPE, ISPRODUCTPRICE, CHANNEL, TAXSTATUS, INCLUDETICKETPRICE, METHOD_CODE, FEE_VERSION_HISTORY_ID, LEVY_BY_MCT_ID, PAYER_MCT_ID, PAYEE_MCT_ID) VALUES (2482, 1, null, null, null, 0, 106, 6, 64, 79, 75);
INSERT INTO FEE_ATTRIBUTES (FEEATTRIBUTEID, CHARGETYPE, ISPRODUCTPRICE, CHANNEL, TAXSTATUS, INCLUDETICKETPRICE, METHOD_CODE, FEE_VERSION_HISTORY_ID, LEVY_BY_MCT_ID, PAYER_MCT_ID, PAYEE_MCT_ID) VALUES (2473, 1, null, null, null, 0, 104, 6, 60, 79, 75);
INSERT INTO FEE_ATTRIBUTES (FEEATTRIBUTEID, CHARGETYPE, ISPRODUCTPRICE, CHANNEL, TAXSTATUS, INCLUDETICKETPRICE, METHOD_CODE, FEE_VERSION_HISTORY_ID, LEVY_BY_MCT_ID, PAYER_MCT_ID, PAYEE_MCT_ID) VALUES (2337, 1, 1, null, 2, 0, 15, 6, 61, 79, 75);
INSERT INTO FEE_ATTRIBUTES (FEEATTRIBUTEID, CHARGETYPE, ISPRODUCTPRICE, CHANNEL, TAXSTATUS, INCLUDETICKETPRICE, METHOD_CODE, FEE_VERSION_HISTORY_ID, LEVY_BY_MCT_ID, PAYER_MCT_ID, PAYEE_MCT_ID) VALUES (2185, 1, 1, null, 2, 0, 24, 6, 61, 79, 75);
INSERT INTO FEE_ATTRIBUTES (FEEATTRIBUTEID, CHARGETYPE, ISPRODUCTPRICE, CHANNEL, TAXSTATUS, INCLUDETICKETPRICE, METHOD_CODE, FEE_VERSION_HISTORY_ID, LEVY_BY_MCT_ID, PAYER_MCT_ID, PAYEE_MCT_ID) VALUES (2379, 1, 1, null, 2, 0, 7, 6, 61, 79, 75);
INSERT INTO FEE_ATTRIBUTES (FEEATTRIBUTEID, CHARGETYPE, ISPRODUCTPRICE, CHANNEL, TAXSTATUS, INCLUDETICKETPRICE, METHOD_CODE, FEE_VERSION_HISTORY_ID, LEVY_BY_MCT_ID, PAYER_MCT_ID, PAYEE_MCT_ID) VALUES (2372, 1, 1, null, 2, 0, 59, 6, 62, 79, 75);
INSERT INTO FEE_ATTRIBUTES (FEEATTRIBUTEID, CHARGETYPE, ISPRODUCTPRICE, CHANNEL, TAXSTATUS, INCLUDETICKETPRICE, METHOD_CODE, FEE_VERSION_HISTORY_ID, LEVY_BY_MCT_ID, PAYER_MCT_ID, PAYEE_MCT_ID) VALUES (2176, 1, 1, null, 2, 0, 29, 6, 60, 85, 69);
INSERT INTO FEE_ATTRIBUTES (FEEATTRIBUTEID, CHARGETYPE, ISPRODUCTPRICE, CHANNEL, TAXSTATUS, INCLUDETICKETPRICE, METHOD_CODE, FEE_VERSION_HISTORY_ID, LEVY_BY_MCT_ID, PAYER_MCT_ID, PAYEE_MCT_ID) VALUES (2419, 1, null, null, null, 0, 61, 6, 62, 79, 75);
INSERT INTO FEE_ATTRIBUTES (FEEATTRIBUTEID, CHARGETYPE, ISPRODUCTPRICE, CHANNEL, TAXSTATUS, INCLUDETICKETPRICE, METHOD_CODE, FEE_VERSION_HISTORY_ID, LEVY_BY_MCT_ID, PAYER_MCT_ID, PAYEE_MCT_ID) VALUES (2424, 1, null, null, null, 0, 98, 6, 64, 79, 75);
INSERT INTO FEE_ATTRIBUTES (FEEATTRIBUTEID, CHARGETYPE, ISPRODUCTPRICE, CHANNEL, TAXSTATUS, INCLUDETICKETPRICE, METHOD_CODE, FEE_VERSION_HISTORY_ID, LEVY_BY_MCT_ID, PAYER_MCT_ID, PAYEE_MCT_ID) VALUES (2477, 1, null, null, null, 0, 105, 6, 60, 79, 75);
INSERT INTO FEE_ATTRIBUTES (FEEATTRIBUTEID, CHARGETYPE, ISPRODUCTPRICE, CHANNEL, TAXSTATUS, INCLUDETICKETPRICE, METHOD_CODE, FEE_VERSION_HISTORY_ID, LEVY_BY_MCT_ID, PAYER_MCT_ID, PAYEE_MCT_ID) VALUES (200, 1, 0, null, 1, 0, null, 2, 63, 81, 75);
INSERT INTO FEE_ATTRIBUTES (FEEATTRIBUTEID, CHARGETYPE, ISPRODUCTPRICE, CHANNEL, TAXSTATUS, INCLUDETICKETPRICE, METHOD_CODE, FEE_VERSION_HISTORY_ID, LEVY_BY_MCT_ID, PAYER_MCT_ID, PAYEE_MCT_ID) VALUES (2184, 1, 1, null, 2, 0, 23, 6, 61, 79, 75);
INSERT INTO FEE_ATTRIBUTES (FEEATTRIBUTEID, CHARGETYPE, ISPRODUCTPRICE, CHANNEL, TAXSTATUS, INCLUDETICKETPRICE, METHOD_CODE, FEE_VERSION_HISTORY_ID, LEVY_BY_MCT_ID, PAYER_MCT_ID, PAYEE_MCT_ID) VALUES (2386, 1, null, null, null, 0, 2, 6, 60, 79, 75);
INSERT INTO FEE_ATTRIBUTES (FEEATTRIBUTEID, CHARGETYPE, ISPRODUCTPRICE, CHANNEL, TAXSTATUS, INCLUDETICKETPRICE, METHOD_CODE, FEE_VERSION_HISTORY_ID, LEVY_BY_MCT_ID, PAYER_MCT_ID, PAYEE_MCT_ID) VALUES (2451, 1, null, null, null, 0, 102, 6, 60, 79, 75);
INSERT INTO FEE_ATTRIBUTES (FEEATTRIBUTEID, CHARGETYPE, ISPRODUCTPRICE, CHANNEL, TAXSTATUS, INCLUDETICKETPRICE, METHOD_CODE, FEE_VERSION_HISTORY_ID, LEVY_BY_MCT_ID, PAYER_MCT_ID, PAYEE_MCT_ID) VALUES (2152, 1, 1, null, 2, 0, 45, 6, 60, 79, 75);
INSERT INTO FEE_ATTRIBUTES (FEEATTRIBUTEID, CHARGETYPE, ISPRODUCTPRICE, CHANNEL, TAXSTATUS, INCLUDETICKETPRICE, METHOD_CODE, FEE_VERSION_HISTORY_ID, LEVY_BY_MCT_ID, PAYER_MCT_ID, PAYEE_MCT_ID) VALUES (2420, 1, null, null, null, 0, 60, 6, 60, 79, 75);
INSERT INTO FEE_ATTRIBUTES (FEEATTRIBUTEID, CHARGETYPE, ISPRODUCTPRICE, CHANNEL, TAXSTATUS, INCLUDETICKETPRICE, METHOD_CODE, FEE_VERSION_HISTORY_ID, LEVY_BY_MCT_ID, PAYER_MCT_ID, PAYEE_MCT_ID) VALUES (2177, 1, 1, null, 2, 0, 4, 6, 61, 79, 75);
INSERT INTO FEE_ATTRIBUTES (FEEATTRIBUTEID, CHARGETYPE, ISPRODUCTPRICE, CHANNEL, TAXSTATUS, INCLUDETICKETPRICE, METHOD_CODE, FEE_VERSION_HISTORY_ID, LEVY_BY_MCT_ID, PAYER_MCT_ID, PAYEE_MCT_ID) VALUES (2182, 1, 1, null, 2, 0, 19, 6, 61, 79, 75);
INSERT INTO FEE_ATTRIBUTES (FEEATTRIBUTEID, CHARGETYPE, ISPRODUCTPRICE, CHANNEL, TAXSTATUS, INCLUDETICKETPRICE, METHOD_CODE, FEE_VERSION_HISTORY_ID, LEVY_BY_MCT_ID, PAYER_MCT_ID, PAYEE_MCT_ID) VALUES (2472, 1, null, null, null, 0, 103, 6, 61, 79, 75);
INSERT INTO FEE_ATTRIBUTES (FEEATTRIBUTEID, CHARGETYPE, ISPRODUCTPRICE, CHANNEL, TAXSTATUS, INCLUDETICKETPRICE, METHOD_CODE, FEE_VERSION_HISTORY_ID, LEVY_BY_MCT_ID, PAYER_MCT_ID, PAYEE_MCT_ID) VALUES (2315, 1, 1, null, 2, 0, 17, 6, 61, 79, 75);
INSERT INTO FEE_ATTRIBUTES (FEEATTRIBUTEID, CHARGETYPE, ISPRODUCTPRICE, CHANNEL, TAXSTATUS, INCLUDETICKETPRICE, METHOD_CODE, FEE_VERSION_HISTORY_ID, LEVY_BY_MCT_ID, PAYER_MCT_ID, PAYEE_MCT_ID) VALUES (2189, 1, 1, null, 2, 0, 28, 6, 61, 79, 75);
INSERT INTO FEE_ATTRIBUTES (FEEATTRIBUTEID, CHARGETYPE, ISPRODUCTPRICE, CHANNEL, TAXSTATUS, INCLUDETICKETPRICE, METHOD_CODE, FEE_VERSION_HISTORY_ID, LEVY_BY_MCT_ID, PAYER_MCT_ID, PAYEE_MCT_ID) VALUES (2298, 1, 1, null, 2, 0, 43, 6, 62, 79, 75);
INSERT INTO FEE_ATTRIBUTES (FEEATTRIBUTEID, CHARGETYPE, ISPRODUCTPRICE, CHANNEL, TAXSTATUS, INCLUDETICKETPRICE, METHOD_CODE, FEE_VERSION_HISTORY_ID, LEVY_BY_MCT_ID, PAYER_MCT_ID, PAYEE_MCT_ID) VALUES (2368, 1, 1, null, 2, 0, 8, 6, 61, 79, 75);
INSERT INTO FEE_ATTRIBUTES (FEEATTRIBUTEID, CHARGETYPE, ISPRODUCTPRICE, CHANNEL, TAXSTATUS, INCLUDETICKETPRICE, METHOD_CODE, FEE_VERSION_HISTORY_ID, LEVY_BY_MCT_ID, PAYER_MCT_ID, PAYEE_MCT_ID) VALUES (2387, 1, 1, null, 2, 0, 53, 6, 60, 79, 75);
INSERT INTO FEE_ATTRIBUTES (FEEATTRIBUTEID, CHARGETYPE, ISPRODUCTPRICE, CHANNEL, TAXSTATUS, INCLUDETICKETPRICE, METHOD_CODE, FEE_VERSION_HISTORY_ID, LEVY_BY_MCT_ID, PAYER_MCT_ID, PAYEE_MCT_ID) VALUES (2316, 1, 1, null, 2, 0, 9, 6, 61, 79, 75);
INSERT INTO FEE_ATTRIBUTES (FEEATTRIBUTEID, CHARGETYPE, ISPRODUCTPRICE, CHANNEL, TAXSTATUS, INCLUDETICKETPRICE, METHOD_CODE, FEE_VERSION_HISTORY_ID, LEVY_BY_MCT_ID, PAYER_MCT_ID, PAYEE_MCT_ID) VALUES (2335, 1, 1, null, 2, 0, 10, 6, 61, 79, 75);
INSERT INTO FEE_ATTRIBUTES (FEEATTRIBUTEID, CHARGETYPE, ISPRODUCTPRICE, CHANNEL, TAXSTATUS, INCLUDETICKETPRICE, METHOD_CODE, FEE_VERSION_HISTORY_ID, LEVY_BY_MCT_ID, PAYER_MCT_ID, PAYEE_MCT_ID) VALUES (2310, 1, 1, null, 2, 0, 54, 6, 61, 79, 75);
INSERT INTO FEE_ATTRIBUTES (FEEATTRIBUTEID, CHARGETYPE, ISPRODUCTPRICE, CHANNEL, TAXSTATUS, INCLUDETICKETPRICE, METHOD_CODE, FEE_VERSION_HISTORY_ID, LEVY_BY_MCT_ID, PAYER_MCT_ID, PAYEE_MCT_ID) VALUES (2377, 1, 1, null, 2, 0, 34, 6, 60, 79, 75);
INSERT INTO FEE_ATTRIBUTES (FEEATTRIBUTEID, CHARGETYPE, ISPRODUCTPRICE, CHANNEL, TAXSTATUS, INCLUDETICKETPRICE, METHOD_CODE, FEE_VERSION_HISTORY_ID, LEVY_BY_MCT_ID, PAYER_MCT_ID, PAYEE_MCT_ID) VALUES (2367, 1, 1, null, 2, 0, 55, 6, 61, 79, 75);
INSERT INTO FEE_ATTRIBUTES (FEEATTRIBUTEID, CHARGETYPE, ISPRODUCTPRICE, CHANNEL, TAXSTATUS, INCLUDETICKETPRICE, METHOD_CODE, FEE_VERSION_HISTORY_ID, LEVY_BY_MCT_ID, PAYER_MCT_ID, PAYEE_MCT_ID) VALUES (600, 1, 1, null, 2, 0, 1, 6, 60, 79, 75);
INSERT INTO FEE_ATTRIBUTES (FEEATTRIBUTEID, CHARGETYPE, ISPRODUCTPRICE, CHANNEL, TAXSTATUS, INCLUDETICKETPRICE, METHOD_CODE, FEE_VERSION_HISTORY_ID, LEVY_BY_MCT_ID, PAYER_MCT_ID, PAYEE_MCT_ID) VALUES (601, 1, null, null, null, 0, 38, 6, 60, 79, 75);
INSERT INTO FEE_ATTRIBUTES (FEEATTRIBUTEID, CHARGETYPE, ISPRODUCTPRICE, CHANNEL, TAXSTATUS, INCLUDETICKETPRICE, METHOD_CODE, FEE_VERSION_HISTORY_ID, LEVY_BY_MCT_ID, PAYER_MCT_ID, PAYEE_MCT_ID) VALUES (602, 1, 1, null, 2, 0, 52, 6, 60, 79, 75);
INSERT INTO FEE_ATTRIBUTES (FEEATTRIBUTEID, CHARGETYPE, ISPRODUCTPRICE, CHANNEL, TAXSTATUS, INCLUDETICKETPRICE, METHOD_CODE, FEE_VERSION_HISTORY_ID, LEVY_BY_MCT_ID, PAYER_MCT_ID, PAYEE_MCT_ID) VALUES (2313, 1, 1, null, 2, 0, 58, 6, 62, 79, 75);
INSERT INTO FEE_ATTRIBUTES (FEEATTRIBUTEID, CHARGETYPE, ISPRODUCTPRICE, CHANNEL, TAXSTATUS, INCLUDETICKETPRICE, METHOD_CODE, FEE_VERSION_HISTORY_ID, LEVY_BY_MCT_ID, PAYER_MCT_ID, PAYEE_MCT_ID) VALUES (2068, 2, 1, null, 2, 0, null, 266, 63, 85, 74);

INSERT INTO FEE_VERSION_HISTORY (FEEVERSIONHISTORYID, VERSION, EFFECTIVESTARTDATE, EFFECTIVEENDDATE, FEE_ID) VALUES (2, 1, TO_TIMESTAMP('2013-09-25 15:39:25', 'YYYY-MM-DD HH24:MI:SS'), TO_TIMESTAMP('2099-12-31 23:59:59', 'YYYY-MM-DD HH24:MI:SS'), 2);
INSERT INTO FEE_VERSION_HISTORY (FEEVERSIONHISTORYID, VERSION, EFFECTIVESTARTDATE, EFFECTIVEENDDATE, FEE_ID) VALUES (3, 1, TO_TIMESTAMP('2013-09-25 15:39:25', 'YYYY-MM-DD HH24:MI:SS'), TO_TIMESTAMP('2099-12-31 23:59:59', 'YYYY-MM-DD HH24:MI:SS'), 3);
INSERT INTO FEE_VERSION_HISTORY (FEEVERSIONHISTORYID, VERSION, EFFECTIVESTARTDATE, EFFECTIVEENDDATE, FEE_ID) VALUES (6, 1, TO_TIMESTAMP('2013-09-25 15:39:00', 'YYYY-MM-DD HH24:MI:SS'), TO_TIMESTAMP('2099-12-31 23:59:00', 'YYYY-MM-DD HH24:MI:SS'), 6);
INSERT INTO FEE_VERSION_HISTORY (FEEVERSIONHISTORYID, VERSION, EFFECTIVESTARTDATE, EFFECTIVEENDDATE, FEE_ID) VALUES (266, 1, TO_TIMESTAMP('2013-09-25 15:39:25', 'YYYY-MM-DD HH24:MI:SS'), TO_TIMESTAMP('2099-12-31 23:59:59', 'YYYY-MM-DD HH24:MI:SS'), 266);
INSERT INTO FEE_VERSION_HISTORY (FEEVERSIONHISTORYID, VERSION, EFFECTIVESTARTDATE, EFFECTIVEENDDATE, FEE_ID) VALUES (329, 1, TO_TIMESTAMP('2013-09-25 15:39:25', 'YYYY-MM-DD HH24:MI:SS'), TO_TIMESTAMP('2099-12-31 23:59:59', 'YYYY-MM-DD HH24:MI:SS'), 329);
INSERT INTO FEE_VERSION_HISTORY (FEEVERSIONHISTORYID, VERSION, EFFECTIVESTARTDATE, EFFECTIVEENDDATE, FEE_ID) VALUES (419, 1, TO_TIMESTAMP('2014-09-01 00:00:00', 'YYYY-MM-DD HH24:MI:SS'), TO_TIMESTAMP('2099-09-01 00:00:00', 'YYYY-MM-DD HH24:MI:SS'), 420);
INSERT INTO FEE_VERSION_HISTORY (FEEVERSIONHISTORYID, VERSION, EFFECTIVESTARTDATE, EFFECTIVEENDDATE, FEE_ID) VALUES (14, 1, TO_TIMESTAMP('2013-09-25 15:39:25', 'YYYY-MM-DD HH24:MI:SS'), TO_TIMESTAMP('2099-12-31 23:59:59', 'YYYY-MM-DD HH24:MI:SS'), 14);
INSERT INTO FEE_VERSION_HISTORY (FEEVERSIONHISTORYID, VERSION, EFFECTIVESTARTDATE, EFFECTIVEENDDATE, FEE_ID) VALUES (251, 1, TO_TIMESTAMP('2013-09-25 15:39:25', 'YYYY-MM-DD HH24:MI:SS'), TO_TIMESTAMP('2099-12-31 23:59:59', 'YYYY-MM-DD HH24:MI:SS'), 251);
INSERT INTO FEE_VERSION_HISTORY (FEEVERSIONHISTORYID, VERSION, EFFECTIVESTARTDATE, EFFECTIVEENDDATE, FEE_ID) VALUES (439, 1, TO_TIMESTAMP('2015-03-03 00:00:00', 'YYYY-MM-DD HH24:MI:SS'), TO_TIMESTAMP('2099-03-17 00:00:00', 'YYYY-MM-DD HH24:MI:SS'), 440);
INSERT INTO FEE_VERSION_HISTORY (FEEVERSIONHISTORYID, VERSION, EFFECTIVESTARTDATE, EFFECTIVEENDDATE, FEE_ID) VALUES (442, 1, TO_TIMESTAMP('2015-06-02 00:00:00', 'YYYY-MM-DD HH24:MI:SS'), TO_TIMESTAMP('2115-06-23 00:00:00', 'YYYY-MM-DD HH24:MI:SS'), 443);
INSERT INTO FEE_VERSION_HISTORY (FEEVERSIONHISTORYID, VERSION, EFFECTIVESTARTDATE, EFFECTIVEENDDATE, FEE_ID) VALUES (443, 1, TO_TIMESTAMP('2015-06-03 00:00:00', 'YYYY-MM-DD HH24:MI:SS'), TO_TIMESTAMP('2115-06-02 00:00:00', 'YYYY-MM-DD HH24:MI:SS'), 444);
INSERT INTO FEE_VERSION_HISTORY (FEEVERSIONHISTORYID, VERSION, EFFECTIVESTARTDATE, EFFECTIVEENDDATE, FEE_ID) VALUES (444, 1, TO_TIMESTAMP('2015-06-03 00:00:00', 'YYYY-MM-DD HH24:MI:SS'), TO_TIMESTAMP('2115-06-03 00:00:00', 'YYYY-MM-DD HH24:MI:SS'), 445);

INSERT INTO FEE_CHARGE_RULE (FEECHARGERULEID, RULETYPE, OPERANDONE, OPERANDTWO, OPERATORONE, OPERATORTWO, STRIPTAXSTATUS, FEE_ATTRIBUTE_ID, TAX_CLASS_ID, CHARGERULEATTRIBUTE, CHARGEDVALUE) VALUES (2363, 2, 40.00, null, '< ', null, null, 2437, null, 1, 4.0000000000);
INSERT INTO FEE_CHARGE_RULE (FEECHARGERULEID, RULETYPE, OPERANDONE, OPERANDTWO, OPERATORONE, OPERATORTWO, STRIPTAXSTATUS, FEE_ATTRIBUTE_ID, TAX_CLASS_ID, CHARGERULEATTRIBUTE, CHARGEDVALUE) VALUES (2360, 2, 0.10, 20.00, '<=', '<=', null, 2437, null, 1, 1.0000000000);
INSERT INTO FEE_CHARGE_RULE (FEECHARGERULEID, RULETYPE, OPERANDONE, OPERANDTWO, OPERATORONE, OPERATORTWO, STRIPTAXSTATUS, FEE_ATTRIBUTE_ID, TAX_CLASS_ID, CHARGERULEATTRIBUTE, CHARGEDVALUE) VALUES (2361, 2, 20.01, 40.00, '<=', '<=', null, 2437, null, 1, 3.0000000000);
INSERT INTO FEE_CHARGE_RULE (FEECHARGERULEID, RULETYPE, OPERANDONE, OPERANDTWO, OPERATORONE, OPERATORTWO, STRIPTAXSTATUS, FEE_ATTRIBUTE_ID, TAX_CLASS_ID, CHARGERULEATTRIBUTE, CHARGEDVALUE) VALUES (600, 1, null, null, null, null, null, 600, null, null, 15.0000000000);
INSERT INTO FEE_CHARGE_RULE (FEECHARGERULEID, RULETYPE, OPERANDONE, OPERANDTWO, OPERATORONE, OPERATORTWO, STRIPTAXSTATUS, FEE_ATTRIBUTE_ID, TAX_CLASS_ID, CHARGERULEATTRIBUTE, CHARGEDVALUE) VALUES (602, 1, null, null, null, null, null, 602, null, null, 3.0000000000);
INSERT INTO FEE_CHARGE_RULE (FEECHARGERULEID, RULETYPE, OPERANDONE, OPERANDTWO, OPERATORONE, OPERATORTWO, STRIPTAXSTATUS, FEE_ATTRIBUTE_ID, TAX_CLASS_ID, CHARGERULEATTRIBUTE, CHARGEDVALUE) VALUES (1911, 1, null, null, null, null, null, 2079, null, null, 15.0000000000);
INSERT INTO FEE_CHARGE_RULE (FEECHARGERULEID, RULETYPE, OPERANDONE, OPERANDTWO, OPERATORONE, OPERATORTWO, STRIPTAXSTATUS, FEE_ATTRIBUTE_ID, TAX_CLASS_ID, CHARGERULEATTRIBUTE, CHARGEDVALUE) VALUES (1913, 1, null, null, null, null, null, 2081, null, null, 0.2000000000);
INSERT INTO FEE_CHARGE_RULE (FEECHARGERULEID, RULETYPE, OPERANDONE, OPERANDTWO, OPERATORONE, OPERATORTWO, STRIPTAXSTATUS, FEE_ATTRIBUTE_ID, TAX_CLASS_ID, CHARGERULEATTRIBUTE, CHARGEDVALUE) VALUES (1914, 1, null, null, null, null, null, 2082, null, null, 3.0000000000);
INSERT INTO FEE_CHARGE_RULE (FEECHARGERULEID, RULETYPE, OPERANDONE, OPERANDTWO, OPERATORONE, OPERATORTWO, STRIPTAXSTATUS, FEE_ATTRIBUTE_ID, TAX_CLASS_ID, CHARGERULEATTRIBUTE, CHARGEDVALUE) VALUES (1990, 1, null, null, null, null, null, 2141, null, null, 0.0000000000);
INSERT INTO FEE_CHARGE_RULE (FEECHARGERULEID, RULETYPE, OPERANDONE, OPERANDTWO, OPERATORONE, OPERATORTWO, STRIPTAXSTATUS, FEE_ATTRIBUTE_ID, TAX_CLASS_ID, CHARGERULEATTRIBUTE, CHARGEDVALUE) VALUES (2000, 1, null, null, null, null, null, 2152, null, null, 0.0000000000);
INSERT INTO FEE_CHARGE_RULE (FEECHARGERULEID, RULETYPE, OPERANDONE, OPERANDTWO, OPERATORONE, OPERATORTWO, STRIPTAXSTATUS, FEE_ATTRIBUTE_ID, TAX_CLASS_ID, CHARGERULEATTRIBUTE, CHARGEDVALUE) VALUES (2066, 1, null, null, null, null, null, 2217, null, null, 0.0000000000);
INSERT INTO FEE_CHARGE_RULE (FEECHARGERULEID, RULETYPE, OPERANDONE, OPERANDTWO, OPERATORONE, OPERATORTWO, STRIPTAXSTATUS, FEE_ATTRIBUTE_ID, TAX_CLASS_ID, CHARGERULEATTRIBUTE, CHARGEDVALUE) VALUES (2298, 1, null, null, null, null, null, 603, null, null, 0.5000000000);
INSERT INTO FEE_CHARGE_RULE (FEECHARGERULEID, RULETYPE, OPERANDONE, OPERANDTWO, OPERATORONE, OPERATORTWO, STRIPTAXSTATUS, FEE_ATTRIBUTE_ID, TAX_CLASS_ID, CHARGERULEATTRIBUTE, CHARGEDVALUE) VALUES (2319, 1, null, null, null, null, null, 2420, null, null, 0.0000000000);
INSERT INTO FEE_CHARGE_RULE (FEECHARGERULEID, RULETYPE, OPERANDONE, OPERANDTWO, OPERATORONE, OPERATORTWO, STRIPTAXSTATUS, FEE_ATTRIBUTE_ID, TAX_CLASS_ID, CHARGERULEATTRIBUTE, CHARGEDVALUE) VALUES (2331, 1, null, null, null, null, null, 2424, null, null, 0.0000000000);
INSERT INTO FEE_CHARGE_RULE (FEECHARGERULEID, RULETYPE, OPERANDONE, OPERANDTWO, OPERATORONE, OPERATORTWO, STRIPTAXSTATUS, FEE_ATTRIBUTE_ID, TAX_CLASS_ID, CHARGERULEATTRIBUTE, CHARGEDVALUE) VALUES (206, 2, 135.00, 155.00, '< ', '<=', null, 200, null, 1, 1.4000000000);
INSERT INTO FEE_CHARGE_RULE (FEECHARGERULEID, RULETYPE, OPERANDONE, OPERANDTWO, OPERATORONE, OPERATORTWO, STRIPTAXSTATUS, FEE_ATTRIBUTE_ID, TAX_CLASS_ID, CHARGERULEATTRIBUTE, CHARGEDVALUE) VALUES (205, 2, 115.00, 135.00, '< ', '<=', null, 200, null, 1, 1.2000000000);
INSERT INTO FEE_CHARGE_RULE (FEECHARGERULEID, RULETYPE, OPERANDONE, OPERANDTWO, OPERATORONE, OPERATORTWO, STRIPTAXSTATUS, FEE_ATTRIBUTE_ID, TAX_CLASS_ID, CHARGERULEATTRIBUTE, CHARGEDVALUE) VALUES (201, 2, 25.00, 50.00, '< ', '<=', null, 200, null, 1, 0.6000000000);
INSERT INTO FEE_CHARGE_RULE (FEECHARGERULEID, RULETYPE, OPERANDONE, OPERANDTWO, OPERATORONE, OPERATORTWO, STRIPTAXSTATUS, FEE_ATTRIBUTE_ID, TAX_CLASS_ID, CHARGERULEATTRIBUTE, CHARGEDVALUE) VALUES (2432, 1, null, null, null, null, null, 2473, null, null, 0.0000000000);
INSERT INTO FEE_CHARGE_RULE (FEECHARGERULEID, RULETYPE, OPERANDONE, OPERANDTWO, OPERATORONE, OPERATORTWO, STRIPTAXSTATUS, FEE_ATTRIBUTE_ID, TAX_CLASS_ID, CHARGERULEATTRIBUTE, CHARGEDVALUE) VALUES (2450, 1, null, null, null, null, null, 2472, null, null, 0.0000000000);
INSERT INTO FEE_CHARGE_RULE (FEECHARGERULEID, RULETYPE, OPERANDONE, OPERANDTWO, OPERATORONE, OPERATORTWO, STRIPTAXSTATUS, FEE_ATTRIBUTE_ID, TAX_CLASS_ID, CHARGERULEATTRIBUTE, CHARGEDVALUE) VALUES (2179, 1, null, null, null, null, null, 2329, null, null, 0.0000000000);
INSERT INTO FEE_CHARGE_RULE (FEECHARGERULEID, RULETYPE, OPERANDONE, OPERANDTWO, OPERATORONE, OPERATORTWO, STRIPTAXSTATUS, FEE_ATTRIBUTE_ID, TAX_CLASS_ID, CHARGERULEATTRIBUTE, CHARGEDVALUE) VALUES (2163, 1, null, null, null, null, null, 2314, null, null, 0.0000000000);
INSERT INTO FEE_CHARGE_RULE (FEECHARGERULEID, RULETYPE, OPERANDONE, OPERANDTWO, OPERATORONE, OPERATORTWO, STRIPTAXSTATUS, FEE_ATTRIBUTE_ID, TAX_CLASS_ID, CHARGERULEATTRIBUTE, CHARGEDVALUE) VALUES (2162, 1, null, null, null, null, null, 2313, null, null, 0.0000000000);
INSERT INTO FEE_CHARGE_RULE (FEECHARGERULEID, RULETYPE, OPERANDONE, OPERANDTWO, OPERATORONE, OPERATORTWO, STRIPTAXSTATUS, FEE_ATTRIBUTE_ID, TAX_CLASS_ID, CHARGERULEATTRIBUTE, CHARGEDVALUE) VALUES (2160, 1, null, null, null, null, null, 2311, null, null, 0.2000000000);
INSERT INTO FEE_CHARGE_RULE (FEECHARGERULEID, RULETYPE, OPERANDONE, OPERANDTWO, OPERATORONE, OPERATORTWO, STRIPTAXSTATUS, FEE_ATTRIBUTE_ID, TAX_CLASS_ID, CHARGERULEATTRIBUTE, CHARGEDVALUE) VALUES (2159, 1, null, null, null, null, null, 2310, null, null, 0.0000000000);
INSERT INTO FEE_CHARGE_RULE (FEECHARGERULEID, RULETYPE, OPERANDONE, OPERANDTWO, OPERATORONE, OPERATORTWO, STRIPTAXSTATUS, FEE_ATTRIBUTE_ID, TAX_CLASS_ID, CHARGERULEATTRIBUTE, CHARGEDVALUE) VALUES (2034, 1, null, null, null, null, null, 2185, null, null, 5.0000000000);
INSERT INTO FEE_CHARGE_RULE (FEECHARGERULEID, RULETYPE, OPERANDONE, OPERANDTWO, OPERATORONE, OPERATORTWO, STRIPTAXSTATUS, FEE_ATTRIBUTE_ID, TAX_CLASS_ID, CHARGERULEATTRIBUTE, CHARGEDVALUE) VALUES (2031, 1, null, null, null, null, null, 2182, null, null, 5.0000000000);
INSERT INTO FEE_CHARGE_RULE (FEECHARGERULEID, RULETYPE, OPERANDONE, OPERANDTWO, OPERATORONE, OPERATORTWO, STRIPTAXSTATUS, FEE_ATTRIBUTE_ID, TAX_CLASS_ID, CHARGERULEATTRIBUTE, CHARGEDVALUE) VALUES (2026, 1, null, null, null, null, null, 2177, null, null, 5.0000000000);
INSERT INTO FEE_CHARGE_RULE (FEECHARGERULEID, RULETYPE, OPERANDONE, OPERANDTWO, OPERATORONE, OPERATORTWO, STRIPTAXSTATUS, FEE_ATTRIBUTE_ID, TAX_CLASS_ID, CHARGERULEATTRIBUTE, CHARGEDVALUE) VALUES (1874, 1, null, null, null, null, null, 2052, null, null, 0.0000000000);
INSERT INTO FEE_CHARGE_RULE (FEECHARGERULEID, RULETYPE, OPERANDONE, OPERANDTWO, OPERATORONE, OPERATORTWO, STRIPTAXSTATUS, FEE_ATTRIBUTE_ID, TAX_CLASS_ID, CHARGERULEATTRIBUTE, CHARGEDVALUE) VALUES (2416, 2, 75.00, 95.00, '< ', '<=', null, 2466, null, 1, 0.8000000000);
INSERT INTO FEE_CHARGE_RULE (FEECHARGERULEID, RULETYPE, OPERANDONE, OPERANDTWO, OPERATORONE, OPERATORTWO, STRIPTAXSTATUS, FEE_ATTRIBUTE_ID, TAX_CLASS_ID, CHARGERULEATTRIBUTE, CHARGEDVALUE) VALUES (2421, 2, 175.00, null, '< ', null, null, 2466, null, 1, 1.8000000000);
INSERT INTO FEE_CHARGE_RULE (FEECHARGERULEID, RULETYPE, OPERANDONE, OPERANDTWO, OPERATORONE, OPERATORTWO, STRIPTAXSTATUS, FEE_ATTRIBUTE_ID, TAX_CLASS_ID, CHARGERULEATTRIBUTE, CHARGEDVALUE) VALUES (2419, 2, 135.00, 155.00, '< ', '<=', null, 2466, null, 1, 1.4000000000);
INSERT INTO FEE_CHARGE_RULE (FEECHARGERULEID, RULETYPE, OPERANDONE, OPERANDTWO, OPERATORONE, OPERATORTWO, STRIPTAXSTATUS, FEE_ATTRIBUTE_ID, TAX_CLASS_ID, CHARGERULEATTRIBUTE, CHARGEDVALUE) VALUES (207, 2, 155.00, 175.00, '< ', '<=', null, 200, null, 1, 1.6000000000);
INSERT INTO FEE_CHARGE_RULE (FEECHARGERULEID, RULETYPE, OPERANDONE, OPERANDTWO, OPERATORONE, OPERATORTWO, STRIPTAXSTATUS, FEE_ATTRIBUTE_ID, TAX_CLASS_ID, CHARGERULEATTRIBUTE, CHARGEDVALUE) VALUES (2325, 1, null, null, null, null, null, 2419, null, null, 0.0000000000);
INSERT INTO FEE_CHARGE_RULE (FEECHARGERULEID, RULETYPE, OPERANDONE, OPERANDTWO, OPERATORONE, OPERATORTWO, STRIPTAXSTATUS, FEE_ATTRIBUTE_ID, TAX_CLASS_ID, CHARGERULEATTRIBUTE, CHARGEDVALUE) VALUES (2220, 1, null, null, null, null, null, 2369, null, null, 0.2000000000);
INSERT INTO FEE_CHARGE_RULE (FEECHARGERULEID, RULETYPE, OPERANDONE, OPERANDTWO, OPERATORONE, OPERATORTWO, STRIPTAXSTATUS, FEE_ATTRIBUTE_ID, TAX_CLASS_ID, CHARGERULEATTRIBUTE, CHARGEDVALUE) VALUES (2188, 1, null, null, null, null, null, 2337, null, null, 0.0000000000);
INSERT INTO FEE_CHARGE_RULE (FEECHARGERULEID, RULETYPE, OPERANDONE, OPERANDTWO, OPERATORONE, OPERATORTWO, STRIPTAXSTATUS, FEE_ATTRIBUTE_ID, TAX_CLASS_ID, CHARGERULEATTRIBUTE, CHARGEDVALUE) VALUES (2187, 1, null, null, null, null, null, 2336, null, null, 0.0000000000);
INSERT INTO FEE_CHARGE_RULE (FEECHARGERULEID, RULETYPE, OPERANDONE, OPERANDTWO, OPERATORONE, OPERATORTWO, STRIPTAXSTATUS, FEE_ATTRIBUTE_ID, TAX_CLASS_ID, CHARGERULEATTRIBUTE, CHARGEDVALUE) VALUES (2033, 1, null, null, null, null, null, 2184, null, null, 5.0000000000);
INSERT INTO FEE_CHARGE_RULE (FEECHARGERULEID, RULETYPE, OPERANDONE, OPERANDTWO, OPERATORONE, OPERATORTWO, STRIPTAXSTATUS, FEE_ATTRIBUTE_ID, TAX_CLASS_ID, CHARGERULEATTRIBUTE, CHARGEDVALUE) VALUES (2032, 1, null, null, null, null, null, 2183, null, null, 5.0000000000);
INSERT INTO FEE_CHARGE_RULE (FEECHARGERULEID, RULETYPE, OPERANDONE, OPERANDTWO, OPERATORONE, OPERATORTWO, STRIPTAXSTATUS, FEE_ATTRIBUTE_ID, TAX_CLASS_ID, CHARGERULEATTRIBUTE, CHARGEDVALUE) VALUES (203, 2, 75.00, 95.00, '< ', '<=', null, 200, null, 1, 0.8000000000);
INSERT INTO FEE_CHARGE_RULE (FEECHARGERULEID, RULETYPE, OPERANDONE, OPERANDTWO, OPERATORONE, OPERATORTWO, STRIPTAXSTATUS, FEE_ATTRIBUTE_ID, TAX_CLASS_ID, CHARGERULEATTRIBUTE, CHARGEDVALUE) VALUES (2379, 1, null, null, null, null, null, 2451, null, null, 0.0000000000);
INSERT INTO FEE_CHARGE_RULE (FEECHARGERULEID, RULETYPE, OPERANDONE, OPERANDTWO, OPERATORONE, OPERATORTWO, STRIPTAXSTATUS, FEE_ATTRIBUTE_ID, TAX_CLASS_ID, CHARGERULEATTRIBUTE, CHARGEDVALUE) VALUES (2236, 1, null, null, null, null, null, 2385, null, null, 3.0000000000);
INSERT INTO FEE_CHARGE_RULE (FEECHARGERULEID, RULETYPE, OPERANDONE, OPERANDTWO, OPERATORONE, OPERATORTWO, STRIPTAXSTATUS, FEE_ATTRIBUTE_ID, TAX_CLASS_ID, CHARGERULEATTRIBUTE, CHARGEDVALUE) VALUES (2228, 1, null, null, null, null, null, 2377, null, null, 0.0000000000);
INSERT INTO FEE_CHARGE_RULE (FEECHARGERULEID, RULETYPE, OPERANDONE, OPERANDTWO, OPERATORONE, OPERATORTWO, STRIPTAXSTATUS, FEE_ATTRIBUTE_ID, TAX_CLASS_ID, CHARGERULEATTRIBUTE, CHARGEDVALUE) VALUES (2218, 1, null, null, null, null, null, 2367, null, null, 2.0000000000);
INSERT INTO FEE_CHARGE_RULE (FEECHARGERULEID, RULETYPE, OPERANDONE, OPERANDTWO, OPERATORONE, OPERATORTWO, STRIPTAXSTATUS, FEE_ATTRIBUTE_ID, TAX_CLASS_ID, CHARGERULEATTRIBUTE, CHARGEDVALUE) VALUES (2089, 1, null, null, null, null, null, 2240, null, null, 0.0000000000);
INSERT INTO FEE_CHARGE_RULE (FEECHARGERULEID, RULETYPE, OPERANDONE, OPERANDTWO, OPERATORONE, OPERATORTWO, STRIPTAXSTATUS, FEE_ATTRIBUTE_ID, TAX_CLASS_ID, CHARGERULEATTRIBUTE, CHARGEDVALUE) VALUES (2036, 1, null, null, null, null, null, 2187, null, null, 5.0000000000);
INSERT INTO FEE_CHARGE_RULE (FEECHARGERULEID, RULETYPE, OPERANDONE, OPERANDTWO, OPERATORONE, OPERATORTWO, STRIPTAXSTATUS, FEE_ATTRIBUTE_ID, TAX_CLASS_ID, CHARGERULEATTRIBUTE, CHARGEDVALUE) VALUES (1902, 1, null, null, null, null, null, 2068, null, null, 1.5000000000);
INSERT INTO FEE_CHARGE_RULE (FEECHARGERULEID, RULETYPE, OPERANDONE, OPERANDTWO, OPERATORONE, OPERATORTWO, STRIPTAXSTATUS, FEE_ATTRIBUTE_ID, TAX_CLASS_ID, CHARGERULEATTRIBUTE, CHARGEDVALUE) VALUES (1804, 1, null, null, null, null, null, 300, null, null, 1.5000000000);
INSERT INTO FEE_CHARGE_RULE (FEECHARGERULEID, RULETYPE, OPERANDONE, OPERANDTWO, OPERATORONE, OPERATORTWO, STRIPTAXSTATUS, FEE_ATTRIBUTE_ID, TAX_CLASS_ID, CHARGERULEATTRIBUTE, CHARGEDVALUE) VALUES (2428, 1, null, null, null, null, null, 2470, null, null, 1.5000000000);
INSERT INTO FEE_CHARGE_RULE (FEECHARGERULEID, RULETYPE, OPERANDONE, OPERANDTWO, OPERATORONE, OPERATORTWO, STRIPTAXSTATUS, FEE_ATTRIBUTE_ID, TAX_CLASS_ID, CHARGERULEATTRIBUTE, CHARGEDVALUE) VALUES (2427, 1, null, null, null, null, null, 2469, null, null, 0.5000000000);
INSERT INTO FEE_CHARGE_RULE (FEECHARGERULEID, RULETYPE, OPERANDONE, OPERANDTWO, OPERATORONE, OPERATORTWO, STRIPTAXSTATUS, FEE_ATTRIBUTE_ID, TAX_CLASS_ID, CHARGERULEATTRIBUTE, CHARGEDVALUE) VALUES (2238, 1, null, null, null, null, null, 2387, null, null, 3.0000000000);
INSERT INTO FEE_CHARGE_RULE (FEECHARGERULEID, RULETYPE, OPERANDONE, OPERANDTWO, OPERATORONE, OPERATORTWO, STRIPTAXSTATUS, FEE_ATTRIBUTE_ID, TAX_CLASS_ID, CHARGERULEATTRIBUTE, CHARGEDVALUE) VALUES (2165, 1, null, null, null, null, null, 2316, null, null, 5.0000000000);
INSERT INTO FEE_CHARGE_RULE (FEECHARGERULEID, RULETYPE, OPERANDONE, OPERANDTWO, OPERATORONE, OPERATORTWO, STRIPTAXSTATUS, FEE_ATTRIBUTE_ID, TAX_CLASS_ID, CHARGERULEATTRIBUTE, CHARGEDVALUE) VALUES (2161, 1, null, null, null, null, null, 2312, null, null, 0.0000000000);
INSERT INTO FEE_CHARGE_RULE (FEECHARGERULEID, RULETYPE, OPERANDONE, OPERANDTWO, OPERATORONE, OPERATORTWO, STRIPTAXSTATUS, FEE_ATTRIBUTE_ID, TAX_CLASS_ID, CHARGERULEATTRIBUTE, CHARGEDVALUE) VALUES (2029, 1, null, null, null, null, null, 2180, null, null, 5.0000000000);
INSERT INTO FEE_CHARGE_RULE (FEECHARGERULEID, RULETYPE, OPERANDONE, OPERANDTWO, OPERATORONE, OPERATORTWO, STRIPTAXSTATUS, FEE_ATTRIBUTE_ID, TAX_CLASS_ID, CHARGERULEATTRIBUTE, CHARGEDVALUE) VALUES (2028, 1, null, null, null, null, null, 2179, null, null, 5.0000000000);
INSERT INTO FEE_CHARGE_RULE (FEECHARGERULEID, RULETYPE, OPERANDONE, OPERANDTWO, OPERATORONE, OPERATORTWO, STRIPTAXSTATUS, FEE_ATTRIBUTE_ID, TAX_CLASS_ID, CHARGERULEATTRIBUTE, CHARGEDVALUE) VALUES (2025, 1, null, null, null, null, null, 2176, null, null, 0.0000000000);
INSERT INTO FEE_CHARGE_RULE (FEECHARGERULEID, RULETYPE, OPERANDONE, OPERANDTWO, OPERATORONE, OPERATORTWO, STRIPTAXSTATUS, FEE_ATTRIBUTE_ID, TAX_CLASS_ID, CHARGERULEATTRIBUTE, CHARGEDVALUE) VALUES (2296, 1, null, null, null, null, null, 601, null, null, 1.5000000000);
INSERT INTO FEE_CHARGE_RULE (FEECHARGERULEID, RULETYPE, OPERANDONE, OPERANDTWO, OPERATORONE, OPERATORTWO, STRIPTAXSTATUS, FEE_ATTRIBUTE_ID, TAX_CLASS_ID, CHARGERULEATTRIBUTE, CHARGEDVALUE) VALUES (2418, 2, 115.00, 135.00, '< ', '<=', null, 2466, null, 1, 1.2000000000);
INSERT INTO FEE_CHARGE_RULE (FEECHARGERULEID, RULETYPE, OPERANDONE, OPERANDTWO, OPERATORONE, OPERATORTWO, STRIPTAXSTATUS, FEE_ATTRIBUTE_ID, TAX_CLASS_ID, CHARGERULEATTRIBUTE, CHARGEDVALUE) VALUES (2429, 1, null, null, null, null, null, 2471, null, null, 1.0000000000);
INSERT INTO FEE_CHARGE_RULE (FEECHARGERULEID, RULETYPE, OPERANDONE, OPERANDTWO, OPERATORONE, OPERATORTWO, STRIPTAXSTATUS, FEE_ATTRIBUTE_ID, TAX_CLASS_ID, CHARGERULEATTRIBUTE, CHARGEDVALUE) VALUES (208, 2, 175.00, null, '< ', null, null, 200, null, 1, 1.8000000000);
INSERT INTO FEE_CHARGE_RULE (FEECHARGERULEID, RULETYPE, OPERANDONE, OPERANDTWO, OPERATORONE, OPERATORTWO, STRIPTAXSTATUS, FEE_ATTRIBUTE_ID, TAX_CLASS_ID, CHARGERULEATTRIBUTE, CHARGEDVALUE) VALUES (2525, 1, null, null, null, null, null, 2508, null, null, 0.0000000000);
INSERT INTO FEE_CHARGE_RULE (FEECHARGERULEID, RULETYPE, OPERANDONE, OPERANDTWO, OPERATORONE, OPERATORTWO, STRIPTAXSTATUS, FEE_ATTRIBUTE_ID, TAX_CLASS_ID, CHARGERULEATTRIBUTE, CHARGEDVALUE) VALUES (2230, 1, null, null, null, null, null, 2379, null, null, 0.0000000000);
INSERT INTO FEE_CHARGE_RULE (FEECHARGERULEID, RULETYPE, OPERANDONE, OPERANDTWO, OPERATORONE, OPERATORTWO, STRIPTAXSTATUS, FEE_ATTRIBUTE_ID, TAX_CLASS_ID, CHARGERULEATTRIBUTE, CHARGEDVALUE) VALUES (2038, 1, null, null, null, null, null, 2189, null, null, 5.0000000000);
INSERT INTO FEE_CHARGE_RULE (FEECHARGERULEID, RULETYPE, OPERANDONE, OPERANDTWO, OPERATORONE, OPERATORTWO, STRIPTAXSTATUS, FEE_ATTRIBUTE_ID, TAX_CLASS_ID, CHARGERULEATTRIBUTE, CHARGEDVALUE) VALUES (2035, 1, null, null, null, null, null, 2186, null, null, 5.0000000000);
INSERT INTO FEE_CHARGE_RULE (FEECHARGERULEID, RULETYPE, OPERANDONE, OPERANDTWO, OPERATORONE, OPERATORTWO, STRIPTAXSTATUS, FEE_ATTRIBUTE_ID, TAX_CLASS_ID, CHARGERULEATTRIBUTE, CHARGEDVALUE) VALUES (2030, 1, null, null, null, null, null, 2181, null, null, 5.0000000000);
INSERT INTO FEE_CHARGE_RULE (FEECHARGERULEID, RULETYPE, OPERANDONE, OPERANDTWO, OPERATORONE, OPERATORTWO, STRIPTAXSTATUS, FEE_ATTRIBUTE_ID, TAX_CLASS_ID, CHARGERULEATTRIBUTE, CHARGEDVALUE) VALUES (2420, 2, 155.00, 175.00, '< ', '<=', null, 2466, null, 1, 1.6000000000);
INSERT INTO FEE_CHARGE_RULE (FEECHARGERULEID, RULETYPE, OPERANDONE, OPERANDTWO, OPERATORONE, OPERATORTWO, STRIPTAXSTATUS, FEE_ATTRIBUTE_ID, TAX_CLASS_ID, CHARGERULEATTRIBUTE, CHARGEDVALUE) VALUES (2413, 2, 0.10, 25.00, '< ', '<=', null, 2466, null, 1, 0.5000000000);
INSERT INTO FEE_CHARGE_RULE (FEECHARGERULEID, RULETYPE, OPERANDONE, OPERANDTWO, OPERATORONE, OPERATORTWO, STRIPTAXSTATUS, FEE_ATTRIBUTE_ID, TAX_CLASS_ID, CHARGERULEATTRIBUTE, CHARGEDVALUE) VALUES (204, 2, 95.00, 115.00, '< ', '<=', null, 200, null, 1, 1.0000000000);
INSERT INTO FEE_CHARGE_RULE (FEECHARGERULEID, RULETYPE, OPERANDONE, OPERANDTWO, OPERATORONE, OPERATORTWO, STRIPTAXSTATUS, FEE_ATTRIBUTE_ID, TAX_CLASS_ID, CHARGERULEATTRIBUTE, CHARGEDVALUE) VALUES (202, 2, 50.00, 75.00, '< ', '<=', null, 200, null, 1, 0.7000000000);
INSERT INTO FEE_CHARGE_RULE (FEECHARGERULEID, RULETYPE, OPERANDONE, OPERANDTWO, OPERATORONE, OPERATORTWO, STRIPTAXSTATUS, FEE_ATTRIBUTE_ID, TAX_CLASS_ID, CHARGERULEATTRIBUTE, CHARGEDVALUE) VALUES (2448, 1, null, null, null, null, null, 2477, null, null, 0.0000000000);
INSERT INTO FEE_CHARGE_RULE (FEECHARGERULEID, RULETYPE, OPERANDONE, OPERANDTWO, OPERATORONE, OPERATORTWO, STRIPTAXSTATUS, FEE_ATTRIBUTE_ID, TAX_CLASS_ID, CHARGERULEATTRIBUTE, CHARGEDVALUE) VALUES (2239, 1, null, null, null, null, null, 2388, null, null, 5.0000000000);
INSERT INTO FEE_CHARGE_RULE (FEECHARGERULEID, RULETYPE, OPERANDONE, OPERANDTWO, OPERATORONE, OPERATORTWO, STRIPTAXSTATUS, FEE_ATTRIBUTE_ID, TAX_CLASS_ID, CHARGERULEATTRIBUTE, CHARGEDVALUE) VALUES (2229, 1, null, null, null, null, null, 2378, null, null, 0.0000000000);
INSERT INTO FEE_CHARGE_RULE (FEECHARGERULEID, RULETYPE, OPERANDONE, OPERANDTWO, OPERATORONE, OPERATORTWO, STRIPTAXSTATUS, FEE_ATTRIBUTE_ID, TAX_CLASS_ID, CHARGERULEATTRIBUTE, CHARGEDVALUE) VALUES (2223, 1, null, null, null, null, null, 2372, null, null, 0.0000000000);
INSERT INTO FEE_CHARGE_RULE (FEECHARGERULEID, RULETYPE, OPERANDONE, OPERANDTWO, OPERATORONE, OPERATORTWO, STRIPTAXSTATUS, FEE_ATTRIBUTE_ID, TAX_CLASS_ID, CHARGERULEATTRIBUTE, CHARGEDVALUE) VALUES (2186, 1, null, null, null, null, null, 2335, null, null, 5.0000000000);
INSERT INTO FEE_CHARGE_RULE (FEECHARGERULEID, RULETYPE, OPERANDONE, OPERANDTWO, OPERATORONE, OPERATORTWO, STRIPTAXSTATUS, FEE_ATTRIBUTE_ID, TAX_CLASS_ID, CHARGERULEATTRIBUTE, CHARGEDVALUE) VALUES (2164, 1, null, null, null, null, null, 2315, null, null, 5.0000000000);
INSERT INTO FEE_CHARGE_RULE (FEECHARGERULEID, RULETYPE, OPERANDONE, OPERANDTWO, OPERATORONE, OPERATORTWO, STRIPTAXSTATUS, FEE_ATTRIBUTE_ID, TAX_CLASS_ID, CHARGERULEATTRIBUTE, CHARGEDVALUE) VALUES (2148, 1, null, null, null, null, null, 2300, null, null, 5.0000000000);
INSERT INTO FEE_CHARGE_RULE (FEECHARGERULEID, RULETYPE, OPERANDONE, OPERANDTWO, OPERATORONE, OPERATORTWO, STRIPTAXSTATUS, FEE_ATTRIBUTE_ID, TAX_CLASS_ID, CHARGERULEATTRIBUTE, CHARGEDVALUE) VALUES (2411, 1, null, null, null, null, null, 2299, null, null, 0.7000000000);
INSERT INTO FEE_CHARGE_RULE (FEECHARGERULEID, RULETYPE, OPERANDONE, OPERANDTWO, OPERATORONE, OPERATORTWO, STRIPTAXSTATUS, FEE_ATTRIBUTE_ID, TAX_CLASS_ID, CHARGERULEATTRIBUTE, CHARGEDVALUE) VALUES (2297, 1, null, null, null, null, null, 604, null, null, 1.5000000000);
INSERT INTO FEE_CHARGE_RULE (FEECHARGERULEID, RULETYPE, OPERANDONE, OPERANDTWO, OPERATORONE, OPERATORTWO, STRIPTAXSTATUS, FEE_ATTRIBUTE_ID, TAX_CLASS_ID, CHARGERULEATTRIBUTE, CHARGEDVALUE) VALUES (2417, 2, 95.00, 115.00, '< ', '<=', null, 2466, null, 1, 1.0000000000);
INSERT INTO FEE_CHARGE_RULE (FEECHARGERULEID, RULETYPE, OPERANDONE, OPERANDTWO, OPERATORONE, OPERATORTWO, STRIPTAXSTATUS, FEE_ATTRIBUTE_ID, TAX_CLASS_ID, CHARGERULEATTRIBUTE, CHARGEDVALUE) VALUES (2460, 1, null, null, null, null, null, 2482, null, null, 0.0000000000);
INSERT INTO FEE_CHARGE_RULE (FEECHARGERULEID, RULETYPE, OPERANDONE, OPERANDTWO, OPERATORONE, OPERATORTWO, STRIPTAXSTATUS, FEE_ATTRIBUTE_ID, TAX_CLASS_ID, CHARGERULEATTRIBUTE, CHARGEDVALUE) VALUES (8530, 1, null, null, null, null, null, 2386, null, null, 15.0000000000);
INSERT INTO FEE_CHARGE_RULE (FEECHARGERULEID, RULETYPE, OPERANDONE, OPERANDTWO, OPERATORONE, OPERATORTWO, STRIPTAXSTATUS, FEE_ATTRIBUTE_ID, TAX_CLASS_ID, CHARGERULEATTRIBUTE, CHARGEDVALUE) VALUES (2222, 1, null, null, null, null, null, 2371, null, null, 5.0000000000);
INSERT INTO FEE_CHARGE_RULE (FEECHARGERULEID, RULETYPE, OPERANDONE, OPERANDTWO, OPERATORONE, OPERATORTWO, STRIPTAXSTATUS, FEE_ATTRIBUTE_ID, TAX_CLASS_ID, CHARGERULEATTRIBUTE, CHARGEDVALUE) VALUES (2219, 1, null, null, null, null, null, 2368, null, null, 4.0000000000);
INSERT INTO FEE_CHARGE_RULE (FEECHARGERULEID, RULETYPE, OPERANDONE, OPERANDTWO, OPERATORONE, OPERATORTWO, STRIPTAXSTATUS, FEE_ATTRIBUTE_ID, TAX_CLASS_ID, CHARGERULEATTRIBUTE, CHARGEDVALUE) VALUES (2180, 1, null, null, null, null, null, 2330, null, null, 0.0000000000);
INSERT INTO FEE_CHARGE_RULE (FEECHARGERULEID, RULETYPE, OPERANDONE, OPERANDTWO, OPERATORONE, OPERATORTWO, STRIPTAXSTATUS, FEE_ATTRIBUTE_ID, TAX_CLASS_ID, CHARGERULEATTRIBUTE, CHARGEDVALUE) VALUES (2059, 1, null, null, null, null, null, 2210, null, null, 5.0000000000);
INSERT INTO FEE_CHARGE_RULE (FEECHARGERULEID, RULETYPE, OPERANDONE, OPERANDTWO, OPERATORONE, OPERATORTWO, STRIPTAXSTATUS, FEE_ATTRIBUTE_ID, TAX_CLASS_ID, CHARGERULEATTRIBUTE, CHARGEDVALUE) VALUES (2037, 1, null, null, null, null, null, 2188, null, null, 5.0000000000);
INSERT INTO FEE_CHARGE_RULE (FEECHARGERULEID, RULETYPE, OPERANDONE, OPERANDTWO, OPERATORONE, OPERATORTWO, STRIPTAXSTATUS, FEE_ATTRIBUTE_ID, TAX_CLASS_ID, CHARGERULEATTRIBUTE, CHARGEDVALUE) VALUES (2414, 2, 25.00, 50.00, '< ', '<=', null, 2466, null, 1, 0.6000000000);
INSERT INTO FEE_CHARGE_RULE (FEECHARGERULEID, RULETYPE, OPERANDONE, OPERANDTWO, OPERATORONE, OPERATORTWO, STRIPTAXSTATUS, FEE_ATTRIBUTE_ID, TAX_CLASS_ID, CHARGERULEATTRIBUTE, CHARGEDVALUE) VALUES (200, 2, 0.10, 25.00, '<=', '<=', null, 200, null, 1, 0.5000000000);
INSERT INTO FEE_CHARGE_RULE (FEECHARGERULEID, RULETYPE, OPERANDONE, OPERANDTWO, OPERATORONE, OPERATORTWO, STRIPTAXSTATUS, FEE_ATTRIBUTE_ID, TAX_CLASS_ID, CHARGERULEATTRIBUTE, CHARGEDVALUE) VALUES (2146, 1, null, null, null, null, null, 2298, null, null, 0.7000000000);
INSERT INTO FEE_CHARGE_RULE (FEECHARGERULEID, RULETYPE, OPERANDONE, OPERANDTWO, OPERATORONE, OPERATORTWO, STRIPTAXSTATUS, FEE_ATTRIBUTE_ID, TAX_CLASS_ID, CHARGERULEATTRIBUTE, CHARGEDVALUE) VALUES (2143, 1, null, null, null, null, null, 2295, null, null, 0.5000000000);
INSERT INTO FEE_CHARGE_RULE (FEECHARGERULEID, RULETYPE, OPERANDONE, OPERANDTWO, OPERATORONE, OPERATORTWO, STRIPTAXSTATUS, FEE_ATTRIBUTE_ID, TAX_CLASS_ID, CHARGERULEATTRIBUTE, CHARGEDVALUE) VALUES (2128, 1, null, null, null, null, null, 2280, null, null, 0.2000000000);
INSERT INTO FEE_CHARGE_RULE (FEECHARGERULEID, RULETYPE, OPERANDONE, OPERANDTWO, OPERATORONE, OPERATORTWO, STRIPTAXSTATUS, FEE_ATTRIBUTE_ID, TAX_CLASS_ID, CHARGERULEATTRIBUTE, CHARGEDVALUE) VALUES (2060, 1, null, null, null, null, null, 2211, null, null, 4.0000000000);
INSERT INTO FEE_CHARGE_RULE (FEECHARGERULEID, RULETYPE, OPERANDONE, OPERANDTWO, OPERATORONE, OPERATORTWO, STRIPTAXSTATUS, FEE_ATTRIBUTE_ID, TAX_CLASS_ID, CHARGERULEATTRIBUTE, CHARGEDVALUE) VALUES (2027, 1, null, null, null, null, null, 2178, null, null, 5.0000000000);
INSERT INTO FEE_CHARGE_RULE (FEECHARGERULEID, RULETYPE, OPERANDONE, OPERANDTWO, OPERATORONE, OPERATORTWO, STRIPTAXSTATUS, FEE_ATTRIBUTE_ID, TAX_CLASS_ID, CHARGERULEATTRIBUTE, CHARGEDVALUE) VALUES (1925, 1, null, null, null, null, null, 2087, null, null, 1.0000000000);
INSERT INTO FEE_CHARGE_RULE (FEECHARGERULEID, RULETYPE, OPERANDONE, OPERANDTWO, OPERATORONE, OPERATORTWO, STRIPTAXSTATUS, FEE_ATTRIBUTE_ID, TAX_CLASS_ID, CHARGERULEATTRIBUTE, CHARGEDVALUE) VALUES (1400, 1, null, null, null, null, null, 1400, null, null, 0.5000000000);
INSERT INTO FEE_CHARGE_RULE (FEECHARGERULEID, RULETYPE, OPERANDONE, OPERANDTWO, OPERATORONE, OPERATORTWO, STRIPTAXSTATUS, FEE_ATTRIBUTE_ID, TAX_CLASS_ID, CHARGERULEATTRIBUTE, CHARGEDVALUE) VALUES (2415, 2, 50.00, 75.00, '< ', '<=', null, 2466, null, 1, 0.7000000000);

--Product Fee Related
INSERT INTO PRODUCT_FEE_TEMPLATE (PRDTFEETEMPLATEID, PRODUCT_ID, FEE_TEMPLATE_ID, WORKING_ID) VALUES (149085, 245634, 6573, null);