TRUNCATE TABLE PROFILE_PAYMENT_METHOD;
INSERT INTO PROFILE_PAYMENT_METHOD (PROFILEPAYMENTID, PAYMENT_METHOD_ID, PROFILE_INFO_ID) VALUES (116, 79, 11);
INSERT INTO PROFILE_PAYMENT_METHOD (PROFILEPAYMENTID, PAYMENT_METHOD_ID, PROFILE_INFO_ID) VALUES (117, 27, 11);
INSERT INTO PROFILE_PAYMENT_METHOD (PROFILEPAYMENTID, PAYMENT_METHOD_ID, PROFILE_INFO_ID) VALUES (118, 112, 11);
INSERT INTO PROFILE_PAYMENT_METHOD (PROFILEPAYMENTID, PAYMENT_METHOD_ID, PROFILE_INFO_ID) VALUES (120, 34, 11);
INSERT INTO PROFILE_PAYMENT_METHOD (PROFILEPAYMENTID, PAYMENT_METHOD_ID, PROFILE_INFO_ID) VALUES (122, 109, 11);
INSERT INTO PROFILE_PAYMENT_METHOD (PROFILEPAYMENTID, PAYMENT_METHOD_ID, PROFILE_INFO_ID) VALUES (126, 30, 11);
INSERT INTO PROFILE_PAYMENT_METHOD (PROFILEPAYMENTID, PAYMENT_METHOD_ID, PROFILE_INFO_ID) VALUES (127, 81, 11);
INSERT INTO PROFILE_PAYMENT_METHOD (PROFILEPAYMENTID, PAYMENT_METHOD_ID, PROFILE_INFO_ID) VALUES (128, 28, 11);
INSERT INTO PROFILE_PAYMENT_METHOD (PROFILEPAYMENTID, PAYMENT_METHOD_ID, PROFILE_INFO_ID) VALUES (130, 84, 11);
INSERT INTO PROFILE_PAYMENT_METHOD (PROFILEPAYMENTID, PAYMENT_METHOD_ID, PROFILE_INFO_ID) VALUES (132, 110, 11);
INSERT INTO PROFILE_PAYMENT_METHOD (PROFILEPAYMENTID, PAYMENT_METHOD_ID, PROFILE_INFO_ID) VALUES (133, 116, 11);
INSERT INTO PROFILE_PAYMENT_METHOD (PROFILEPAYMENTID, PAYMENT_METHOD_ID, PROFILE_INFO_ID) VALUES (1753, 48, 11);
INSERT INTO PROFILE_PAYMENT_METHOD (PROFILEPAYMENTID, PAYMENT_METHOD_ID, PROFILE_INFO_ID) VALUES (1755, 51, 11);
INSERT INTO PROFILE_PAYMENT_METHOD (PROFILEPAYMENTID, PAYMENT_METHOD_ID, PROFILE_INFO_ID) VALUES (1756, 46, 11);
INSERT INTO PROFILE_PAYMENT_METHOD (PROFILEPAYMENTID, PAYMENT_METHOD_ID, PROFILE_INFO_ID) VALUES (1995, 97, 11);
INSERT INTO PROFILE_PAYMENT_METHOD (PROFILEPAYMENTID, PAYMENT_METHOD_ID, PROFILE_INFO_ID) VALUES (2027, 131, 11);
INSERT INTO PROFILE_PAYMENT_METHOD (PROFILEPAYMENTID, PAYMENT_METHOD_ID, PROFILE_INFO_ID) VALUES (2053, 133, 11);
INSERT INTO PROFILE_PAYMENT_METHOD (PROFILEPAYMENTID, PAYMENT_METHOD_ID, PROFILE_INFO_ID) VALUES (2145, 137, 11);
INSERT INTO PROFILE_PAYMENT_METHOD (PROFILEPAYMENTID, PAYMENT_METHOD_ID, PROFILE_INFO_ID) VALUES (2195, 132, 11);
INSERT INTO PROFILE_PAYMENT_METHOD (PROFILEPAYMENTID, PAYMENT_METHOD_ID, PROFILE_INFO_ID) VALUES (2203, 45, 11);
INSERT INTO PROFILE_PAYMENT_METHOD (PROFILEPAYMENTID, PAYMENT_METHOD_ID, PROFILE_INFO_ID) VALUES (2587, 67, 11);

TRUNCATE TABLE PAYMENT_TPL_PRDT_LIVE;
INSERT INTO PAYMENT_TPL_PRDT_LIVE (PAYMENTTPLPRDTID, PAYMENT_METHOD_TEMPLATE_ID, PRODUCT_ID) VALUES (149075, 6551, 245634);

TRUNCATE TABLE PAYMENT_METHOD_TEMPLATE_LIVE;
INSERT INTO PAYMENT_METHOD_TEMPLATE_LIVE (PAYMENTMETHODTEMPLATEID, COMPLETESTATUS, PAYMENTMETHODTEMPLATENAME, GLOBALTEMPLATEID, CREATEDDATE, CREATED_BY, UPDATEDDATE, UPDATED_BY) VALUES (6551, 2, 'Standard', 550, TO_TIMESTAMP('2016-11-02 14:24:03', 'YYYY-MM-DD HH24:MI:SS'), 54, TO_TIMESTAMP('2016-11-02 14:24:03', 'YYYY-MM-DD HH24:MI:SS'), 54);

TRUNCATE TABLE PAYMENT_TPL_DETAIL_LIVE;
INSERT INTO PAYMENT_TPL_DETAIL_LIVE (PAYMENTTPLDETAILID, PAYMENT_METHOD_TEMPLATE_ID, PAYMENT_METHOD_ID) VALUES (116146, 6551, 73);
INSERT INTO PAYMENT_TPL_DETAIL_LIVE (PAYMENTTPLDETAILID, PAYMENT_METHOD_TEMPLATE_ID, PAYMENT_METHOD_ID) VALUES (116147, 6551, 108);
INSERT INTO PAYMENT_TPL_DETAIL_LIVE (PAYMENTTPLDETAILID, PAYMENT_METHOD_TEMPLATE_ID, PAYMENT_METHOD_ID) VALUES (116148, 6551, 137);
INSERT INTO PAYMENT_TPL_DETAIL_LIVE (PAYMENTTPLDETAILID, PAYMENT_METHOD_TEMPLATE_ID, PAYMENT_METHOD_ID) VALUES (116149, 6551, 132);
INSERT INTO PAYMENT_TPL_DETAIL_LIVE (PAYMENTTPLDETAILID, PAYMENT_METHOD_TEMPLATE_ID, PAYMENT_METHOD_ID) VALUES (116150, 6551, 56);
INSERT INTO PAYMENT_TPL_DETAIL_LIVE (PAYMENTTPLDETAILID, PAYMENT_METHOD_TEMPLATE_ID, PAYMENT_METHOD_ID) VALUES (116151, 6551, 127);
INSERT INTO PAYMENT_TPL_DETAIL_LIVE (PAYMENTTPLDETAILID, PAYMENT_METHOD_TEMPLATE_ID, PAYMENT_METHOD_ID) VALUES (116152, 6551, 97);
INSERT INTO PAYMENT_TPL_DETAIL_LIVE (PAYMENTTPLDETAILID, PAYMENT_METHOD_TEMPLATE_ID, PAYMENT_METHOD_ID) VALUES (116153, 6551, 133);
INSERT INTO PAYMENT_TPL_DETAIL_LIVE (PAYMENTTPLDETAILID, PAYMENT_METHOD_TEMPLATE_ID, PAYMENT_METHOD_ID) VALUES (116154, 6551, 131);
INSERT INTO PAYMENT_TPL_DETAIL_LIVE (PAYMENTTPLDETAILID, PAYMENT_METHOD_TEMPLATE_ID, PAYMENT_METHOD_ID) VALUES (116155, 6551, 79);
INSERT INTO PAYMENT_TPL_DETAIL_LIVE (PAYMENTTPLDETAILID, PAYMENT_METHOD_TEMPLATE_ID, PAYMENT_METHOD_ID) VALUES (116156, 6551, 67);
INSERT INTO PAYMENT_TPL_DETAIL_LIVE (PAYMENTTPLDETAILID, PAYMENT_METHOD_TEMPLATE_ID, PAYMENT_METHOD_ID) VALUES (116157, 6551, 38);
INSERT INTO PAYMENT_TPL_DETAIL_LIVE (PAYMENTTPLDETAILID, PAYMENT_METHOD_TEMPLATE_ID, PAYMENT_METHOD_ID) VALUES (116158, 6551, 55);
INSERT INTO PAYMENT_TPL_DETAIL_LIVE (PAYMENTTPLDETAILID, PAYMENT_METHOD_TEMPLATE_ID, PAYMENT_METHOD_ID) VALUES (116159, 6551, 45);
INSERT INTO PAYMENT_TPL_DETAIL_LIVE (PAYMENTTPLDETAILID, PAYMENT_METHOD_TEMPLATE_ID, PAYMENT_METHOD_ID) VALUES (116160, 6551, 119);
INSERT INTO PAYMENT_TPL_DETAIL_LIVE (PAYMENTTPLDETAILID, PAYMENT_METHOD_TEMPLATE_ID, PAYMENT_METHOD_ID) VALUES (116161, 6551, 109);
INSERT INTO PAYMENT_TPL_DETAIL_LIVE (PAYMENTTPLDETAILID, PAYMENT_METHOD_TEMPLATE_ID, PAYMENT_METHOD_ID) VALUES (116162, 6551, 27);
INSERT INTO PAYMENT_TPL_DETAIL_LIVE (PAYMENTTPLDETAILID, PAYMENT_METHOD_TEMPLATE_ID, PAYMENT_METHOD_ID) VALUES (116163, 6551, 21);
INSERT INTO PAYMENT_TPL_DETAIL_LIVE (PAYMENTTPLDETAILID, PAYMENT_METHOD_TEMPLATE_ID, PAYMENT_METHOD_ID) VALUES (116164, 6551, 61);
INSERT INTO PAYMENT_TPL_DETAIL_LIVE (PAYMENTTPLDETAILID, PAYMENT_METHOD_TEMPLATE_ID, PAYMENT_METHOD_ID) VALUES (116165, 6551, 26);

TRUNCATE TABLE PAYMENT_METHOD;
INSERT INTO PAYMENT_METHOD (PAYMENTMETHODID, PAYMENT_GATEWAY_ID, DESCRIPTION, INTEGRATED, ORDERMETHOD, PAYMENTMETHODNAME, PAYMENTTYPE, PAYMENTMETHODCODE, UNPAID, ORGANIZATION_ID, VALIDFORREPLACE, ISALTERNATEPAYMENT, PAYMENTMETHODTYPESHORT, ISMASSPULL, ACCPACACCTCODE) VALUES (109, 1, 'MASTER Card 2', 1, 4, 'MASTER Card 2', 'MasterCard', 'MASTER', 0, null, 'T', '1', 'MC', null, '30510');
INSERT INTO PAYMENT_METHOD (PAYMENTMETHODID, PAYMENT_GATEWAY_ID, DESCRIPTION, INTEGRATED, ORDERMETHOD, PAYMENTMETHODNAME, PAYMENTTYPE, PAYMENTMETHODCODE, UNPAID, ORGANIZATION_ID, VALIDFORREPLACE, ISALTERNATEPAYMENT, PAYMENTMETHODTYPESHORT, ISMASSPULL, ACCPACACCTCODE) VALUES (27, 1, 'VISA Card 2', 1, 3, 'VISA Card 2', 'VISA', 'VISA', 0, null, 'T', '1', 'Visa', null, '30660');
INSERT INTO PAYMENT_METHOD (PAYMENTMETHODID, PAYMENT_GATEWAY_ID, DESCRIPTION, INTEGRATED, ORDERMETHOD, PAYMENTMETHODNAME, PAYMENTTYPE, PAYMENTMETHODCODE, UNPAID, ORGANIZATION_ID, VALIDFORREPLACE, ISALTERNATEPAYMENT, PAYMENTMETHODTYPESHORT, ISMASSPULL, ACCPACACCTCODE) VALUES (21, 1, 'Unpaid', 0, 13, 'Unpaid', 'Unpaid', 'UNPAID', 1, null, 'F', '0', 'Unpaid', null, null);
INSERT INTO PAYMENT_METHOD (PAYMENTMETHODID, PAYMENT_GATEWAY_ID, DESCRIPTION, INTEGRATED, ORDERMETHOD, PAYMENTMETHODNAME, PAYMENTTYPE, PAYMENTMETHODCODE, UNPAID, ORGANIZATION_ID, VALIDFORREPLACE, ISALTERNATEPAYMENT, PAYMENTMETHODTYPESHORT, ISMASSPULL, ACCPACACCTCODE) VALUES (26, 1, 'VISA Card 1', 1, 3, 'VISA Card 1', 'VISA', 'VISA', 0, null, 'T', '1', 'Visa', null, '30650');
INSERT INTO PAYMENT_METHOD (PAYMENTMETHODID, PAYMENT_GATEWAY_ID, DESCRIPTION, INTEGRATED, ORDERMETHOD, PAYMENTMETHODNAME, PAYMENTTYPE, PAYMENTMETHODCODE, UNPAID, ORGANIZATION_ID, VALIDFORREPLACE, ISALTERNATEPAYMENT, PAYMENTMETHODTYPESHORT, ISMASSPULL, ACCPACACCTCODE) VALUES (38, 1, 'Voucher', 0, 9, 'Voucher', 'Voucher', 'VOUCHER', 0, null, 'F', '0', 'Vchr', null, null);
INSERT INTO PAYMENT_METHOD (PAYMENTMETHODID, PAYMENT_GATEWAY_ID, DESCRIPTION, INTEGRATED, ORDERMETHOD, PAYMENTMETHODNAME, PAYMENTTYPE, PAYMENTMETHODCODE, UNPAID, ORGANIZATION_ID, VALIDFORREPLACE, ISALTERNATEPAYMENT, PAYMENTMETHODTYPESHORT, ISMASSPULL, ACCPACACCTCODE) VALUES (45, 3, 'American Express', 1, 5, 'American Express', 'American Express', 'AMEX', 0, null, 'T', '1', 'Amex', null, '30250');
INSERT INTO PAYMENT_METHOD (PAYMENTMETHODID, PAYMENT_GATEWAY_ID, DESCRIPTION, INTEGRATED, ORDERMETHOD, PAYMENTMETHODNAME, PAYMENTTYPE, PAYMENTMETHODCODE, UNPAID, ORGANIZATION_ID, VALIDFORREPLACE, ISALTERNATEPAYMENT, PAYMENTMETHODTYPESHORT, ISMASSPULL, ACCPACACCTCODE) VALUES (55, 1, 'CASH', 0, 0, 'CASH', 'CASH', 'CASH', 0, null, 'T', '1', 'Cash', null, '30300');
INSERT INTO PAYMENT_METHOD (PAYMENTMETHODID, PAYMENT_GATEWAY_ID, DESCRIPTION, INTEGRATED, ORDERMETHOD, PAYMENTMETHODNAME, PAYMENTTYPE, PAYMENTMETHODCODE, UNPAID, ORGANIZATION_ID, VALIDFORREPLACE, ISALTERNATEPAYMENT, PAYMENTMETHODTYPESHORT, ISMASSPULL, ACCPACACCTCODE) VALUES (56, 1, 'CASHCARD', 0, 2, 'CASHCARD', 'CASHCARD', 'CASHCARD', 0, null, 'T', '0', 'CashCd', null, null);
INSERT INTO PAYMENT_METHOD (PAYMENTMETHODID, PAYMENT_GATEWAY_ID, DESCRIPTION, INTEGRATED, ORDERMETHOD, PAYMENTMETHODNAME, PAYMENTTYPE, PAYMENTMETHODCODE, UNPAID, ORGANIZATION_ID, VALIDFORREPLACE, ISALTERNATEPAYMENT, PAYMENTMETHODTYPESHORT, ISMASSPULL, ACCPACACCTCODE) VALUES (61, 1, 'Cheque', 0, 8, 'Cheque', 'Cheque', 'CHEQUE', 0, null, 'F', '0', 'Chq', null, null);
INSERT INTO PAYMENT_METHOD (PAYMENTMETHODID, PAYMENT_GATEWAY_ID, DESCRIPTION, INTEGRATED, ORDERMETHOD, PAYMENTMETHODNAME, PAYMENTTYPE, PAYMENTMETHODCODE, UNPAID, ORGANIZATION_ID, VALIDFORREPLACE, ISALTERNATEPAYMENT, PAYMENTMETHODTYPESHORT, ISMASSPULL, ACCPACACCTCODE) VALUES (67, 3023, 'China UnionPay', 1, 79, 'China UnionPay', 'China UnionPay', 'CUP', 0, null, 'T', '1', 'Cup', null, '30350');
INSERT INTO PAYMENT_METHOD (PAYMENTMETHODID, PAYMENT_GATEWAY_ID, DESCRIPTION, INTEGRATED, ORDERMETHOD, PAYMENTMETHODNAME, PAYMENTTYPE, PAYMENTMETHODCODE, UNPAID, ORGANIZATION_ID, VALIDFORREPLACE, ISALTERNATEPAYMENT, PAYMENTMETHODTYPESHORT, ISMASSPULL, ACCPACACCTCODE) VALUES (73, 1, 'China UnionPay SP', 1, 79, 'China UnionPay SP', 'China UnionPay', 'CUP_SP', 0, null, 'T', '0', 'Cup', null, null);
INSERT INTO PAYMENT_METHOD (PAYMENTMETHODID, PAYMENT_GATEWAY_ID, DESCRIPTION, INTEGRATED, ORDERMETHOD, PAYMENTMETHODNAME, PAYMENTTYPE, PAYMENTMETHODCODE, UNPAID, ORGANIZATION_ID, VALIDFORREPLACE, ISALTERNATEPAYMENT, PAYMENTMETHODTYPESHORT, ISMASSPULL, ACCPACACCTCODE) VALUES (79, 3, 'DINERS Card', 1, 6, 'DINERS Card', 'Diners', 'DINERS', 0, null, 'T', '1', 'Dinr', null, '30400');
INSERT INTO PAYMENT_METHOD (PAYMENTMETHODID, PAYMENT_GATEWAY_ID, DESCRIPTION, INTEGRATED, ORDERMETHOD, PAYMENTMETHODNAME, PAYMENTTYPE, PAYMENTMETHODCODE, UNPAID, ORGANIZATION_ID, VALIDFORREPLACE, ISALTERNATEPAYMENT, PAYMENTMETHODTYPESHORT, ISMASSPULL, ACCPACACCTCODE) VALUES (119, 1, 'NETS', 0, 1, 'NETS', 'NETS', 'NETS', 0, null, 'T', '1', 'Nets', null, '30600');
INSERT INTO PAYMENT_METHOD (PAYMENTMETHODID, PAYMENT_GATEWAY_ID, DESCRIPTION, INTEGRATED, ORDERMETHOD, PAYMENTMETHODNAME, PAYMENTTYPE, PAYMENTMETHODCODE, UNPAID, ORGANIZATION_ID, VALIDFORREPLACE, ISALTERNATEPAYMENT, PAYMENTMETHODTYPESHORT, ISMASSPULL, ACCPACACCTCODE) VALUES (127, 8, 'Prepaid', 0, 78, 'Prepaid', 'Prepaid', 'PREPAID', 0, null, 'F', '0', 'Prepaid', null, null);
INSERT INTO PAYMENT_METHOD (PAYMENTMETHODID, PAYMENT_GATEWAY_ID, DESCRIPTION, INTEGRATED, ORDERMETHOD, PAYMENTMETHODNAME, PAYMENTTYPE, PAYMENTMETHODCODE, UNPAID, ORGANIZATION_ID, VALIDFORREPLACE, ISALTERNATEPAYMENT, PAYMENTMETHODTYPESHORT, ISMASSPULL, ACCPACACCTCODE) VALUES (97, 1, 'JCB Card', 1, 7, 'JCB Card', 'JCB', 'JCB', 0, null, 'T', '1', 'Jcb', null, '30450');
INSERT INTO PAYMENT_METHOD (PAYMENTMETHODID, PAYMENT_GATEWAY_ID, DESCRIPTION, INTEGRATED, ORDERMETHOD, PAYMENTMETHODNAME, PAYMENTTYPE, PAYMENTMETHODCODE, UNPAID, ORGANIZATION_ID, VALIDFORREPLACE, ISALTERNATEPAYMENT, PAYMENTMETHODTYPESHORT, ISMASSPULL, ACCPACACCTCODE) VALUES (108, 1, 'MASTER Card 1', 1, 4, 'MASTER Card 1', 'MasterCard', 'MASTER', 0, null, 'T', '1', 'MC', null, '30500');
INSERT INTO PAYMENT_METHOD (PAYMENTMETHODID, PAYMENT_GATEWAY_ID, DESCRIPTION, INTEGRATED, ORDERMETHOD, PAYMENTMETHODNAME, PAYMENTTYPE, PAYMENTMETHODCODE, UNPAID, ORGANIZATION_ID, VALIDFORREPLACE, ISALTERNATEPAYMENT, PAYMENTMETHODTYPESHORT, ISMASSPULL, ACCPACACCTCODE) VALUES (131, null, 'SISTIC e-voucher (DBS MC)', 0, 97, 'SISTIC e-voucher (DBS MC)', 'eVoucher', 'DBS_E_VOUCHER', 0, null, 'F', '0', 'DBSVchr', null, null);
INSERT INTO PAYMENT_METHOD (PAYMENTMETHODID, PAYMENT_GATEWAY_ID, DESCRIPTION, INTEGRATED, ORDERMETHOD, PAYMENTMETHODNAME, PAYMENTTYPE, PAYMENTMETHODCODE, UNPAID, ORGANIZATION_ID, VALIDFORREPLACE, ISALTERNATEPAYMENT, PAYMENTMETHODTYPESHORT, ISMASSPULL, ACCPACACCTCODE) VALUES (132, null, 'SISTIC eVoucher', 0, 92, 'SISTIC eVoucher', 'eVoucher', 'SISTIC_E_VOUCHER', 0, null, 'F', '0', 'SisticVchr', null, null);
INSERT INTO PAYMENT_METHOD (PAYMENTMETHODID, PAYMENT_GATEWAY_ID, DESCRIPTION, INTEGRATED, ORDERMETHOD, PAYMENTMETHODNAME, PAYMENTTYPE, PAYMENTMETHODCODE, UNPAID, ORGANIZATION_ID, VALIDFORREPLACE, ISALTERNATEPAYMENT, PAYMENTMETHODTYPESHORT, ISMASSPULL, ACCPACACCTCODE) VALUES (133, null, 'SISTIC-OCBC eVoucher (MC)', 0, 92, 'SISTIC-OCBC eVoucher (MC)', 'eVoucher', 'OCBC_E_VOUCHER', 0, null, 'F', '0', 'OCBCVchr', null, null);
INSERT INTO PAYMENT_METHOD (PAYMENTMETHODID, PAYMENT_GATEWAY_ID, DESCRIPTION, INTEGRATED, ORDERMETHOD, PAYMENTMETHODNAME, PAYMENTTYPE, PAYMENTMETHODCODE, UNPAID, ORGANIZATION_ID, VALIDFORREPLACE, ISALTERNATEPAYMENT, PAYMENTMETHODTYPESHORT, ISMASSPULL, ACCPACACCTCODE) VALUES (137, null, 'Master eVoucher', 0, 98, 'Master eVoucher', 'eVoucher', 'MASTER_E_VOUCHER', 0, null, 'F', '0', 'MasterVchr', null, null);

TRUNCATE TABLE CART_LINE_ITEMS_VIEW;
INSERT INTO CART_LINE_ITEMS_VIEW (PRODUCTID, PRODUCTNAME, STARTDATE, SEATLEVELALIAS, SEATSECTIONALIAS, ROWALIAS, SALESSEATINVENTORYID, SEATNO, SEATSECTIONTYPE, VENUEALIAS, PRICECATALIAS, PRICECLASSCODE, PRICECLASSNAME, PRICECATID, SEATSECTIONID, PRICEVALUE, PROFILE_INFO_ID) VALUES (245634, 'Lee Kong Chian Natural History Museum (Aug16) (Test)', TO_TIMESTAMP('2016-12-01 16:00:00', 'YYYY-MM-DD HH24:MI:SS'), '-', 'General Admission', null, 121555775, null, 'RS', 'Lee Kong Chian Natural History Museum', 'Cat 1', 'A', 'Standard Adult', 12176, 356882, 20.00000, 11);
INSERT INTO CART_LINE_ITEMS_VIEW (PRODUCTID, PRODUCTNAME, STARTDATE, SEATLEVELALIAS, SEATSECTIONALIAS, ROWALIAS, SALESSEATINVENTORYID, SEATNO, SEATSECTIONTYPE, VENUEALIAS, PRICECATALIAS, PRICECLASSCODE, PRICECLASSNAME, PRICECATID, SEATSECTIONID, PRICEVALUE, PROFILE_INFO_ID) VALUES (245634, 'Lee Kong Chian Natural History Museum (Aug16) (Test)', TO_TIMESTAMP('2016-12-01 16:00:00', 'YYYY-MM-DD HH24:MI:SS'), '-', 'General Admission', null, 121555775, null, 'RS', 'Lee Kong Chian Natural History Museum', 'Cat 1', 'A1', 'S''porean/ PR Adult', 12176, 356882, 15.00000, 11);
INSERT INTO CART_LINE_ITEMS_VIEW (PRODUCTID, PRODUCTNAME, STARTDATE, SEATLEVELALIAS, SEATSECTIONALIAS, ROWALIAS, SALESSEATINVENTORYID, SEATNO, SEATSECTIONTYPE, VENUEALIAS, PRICECATALIAS, PRICECLASSCODE, PRICECLASSNAME, PRICECATID, SEATSECTIONID, PRICEVALUE, PROFILE_INFO_ID) VALUES (245634, 'Lee Kong Chian Natural History Museum (Aug16) (Test)', TO_TIMESTAMP('2016-12-01 16:00:00', 'YYYY-MM-DD HH24:MI:SS'), '-', 'General Admission', null, 121555776, null, 'RS', 'Lee Kong Chian Natural History Museum', 'Cat 1', 'A1', 'S''porean/ PR Adult', 12176, 356882, 15.00000, 11);
INSERT INTO CART_LINE_ITEMS_VIEW (PRODUCTID, PRODUCTNAME, STARTDATE, SEATLEVELALIAS, SEATSECTIONALIAS, ROWALIAS, SALESSEATINVENTORYID, SEATNO, SEATSECTIONTYPE, VENUEALIAS, PRICECATALIAS, PRICECLASSCODE, PRICECLASSNAME, PRICECATID, SEATSECTIONID, PRICEVALUE, PROFILE_INFO_ID) VALUES (245634, 'Lee Kong Chian Natural History Museum (Aug16) (Test)', TO_TIMESTAMP('2016-12-01 16:00:00', 'YYYY-MM-DD HH24:MI:SS'), '-', 'General Admission', null, 121555776, null, 'RS', 'Lee Kong Chian Natural History Museum', 'Cat 1', 'A', 'Standard Adult', 12176, 356882, 20.00000, 11);
INSERT INTO CART_LINE_ITEMS_VIEW (PRODUCTID, PRODUCTNAME, STARTDATE, SEATLEVELALIAS, SEATSECTIONALIAS, ROWALIAS, SALESSEATINVENTORYID, SEATNO, SEATSECTIONTYPE, VENUEALIAS, PRICECATALIAS, PRICECLASSCODE, PRICECLASSNAME, PRICECATID, SEATSECTIONID, PRICEVALUE, PROFILE_INFO_ID) VALUES (245634, 'Lee Kong Chian Natural History Museum (Aug16) (Test)', TO_TIMESTAMP('2016-12-01 16:00:00', 'YYYY-MM-DD HH24:MI:SS'), '-', 'General Admission', null, 121555777, null, 'RS', 'Lee Kong Chian Natural History Museum', 'Cat 1', 'A', 'Standard Adult', 12176, 356882, 20.00000, 11);
INSERT INTO CART_LINE_ITEMS_VIEW (PRODUCTID, PRODUCTNAME, STARTDATE, SEATLEVELALIAS, SEATSECTIONALIAS, ROWALIAS, SALESSEATINVENTORYID, SEATNO, SEATSECTIONTYPE, VENUEALIAS, PRICECATALIAS, PRICECLASSCODE, PRICECLASSNAME, PRICECATID, SEATSECTIONID, PRICEVALUE, PROFILE_INFO_ID) VALUES (245634, 'Lee Kong Chian Natural History Museum (Aug16) (Test)', TO_TIMESTAMP('2016-12-01 16:00:00', 'YYYY-MM-DD HH24:MI:SS'), '-', 'General Admission', null, 121555777, null, 'RS', 'Lee Kong Chian Natural History Museum', 'Cat 1', 'A1', 'S''porean/ PR Adult', 12176, 356882, 15.00000, 11);
INSERT INTO CART_LINE_ITEMS_VIEW (PRODUCTID, PRODUCTNAME, STARTDATE, SEATLEVELALIAS, SEATSECTIONALIAS, ROWALIAS, SALESSEATINVENTORYID, SEATNO, SEATSECTIONTYPE, VENUEALIAS, PRICECATALIAS, PRICECLASSCODE, PRICECLASSNAME, PRICECATID, SEATSECTIONID, PRICEVALUE, PROFILE_INFO_ID) VALUES (245634, 'Lee Kong Chian Natural History Museum (Aug16) (Test)', TO_TIMESTAMP('2016-12-01 16:00:00', 'YYYY-MM-DD HH24:MI:SS'), '-', 'General Admission', null, 121555781, null, 'RS', 'Lee Kong Chian Natural History Museum', 'Cat 1', 'A', 'Standard Adult', 12176, 356882, 20.00000, 11);
INSERT INTO CART_LINE_ITEMS_VIEW (PRODUCTID, PRODUCTNAME, STARTDATE, SEATLEVELALIAS, SEATSECTIONALIAS, ROWALIAS, SALESSEATINVENTORYID, SEATNO, SEATSECTIONTYPE, VENUEALIAS, PRICECATALIAS, PRICECLASSCODE, PRICECLASSNAME, PRICECATID, SEATSECTIONID, PRICEVALUE, PROFILE_INFO_ID) VALUES (245634, 'Lee Kong Chian Natural History Museum (Aug16) (Test)', TO_TIMESTAMP('2016-12-01 16:00:00', 'YYYY-MM-DD HH24:MI:SS'), '-', 'General Admission', null, 121555781, null, 'RS', 'Lee Kong Chian Natural History Museum', 'Cat 1', 'A1', 'S''porean/ PR Adult', 12176, 356882, 15.00000, 11);

TRUNCATE TABLE validate_cart_view;
INSERT INTO validate_cart_view (PRODUCT_ID, PRICECATEGORYID, PRICECLASSID, PRICECLASSCODE, QUANTITYSTATUS, QUANTITY, MAXIMUMQUANTITY, CHARTQUOTA, ROWQUOTA, PRICECLASSQUOTA, PRICE_CLASS_UNAVAILABLE_SEATS, PRICE_CAT_UNAVAILABLE_SEATS)
VALUES (245634, 12176, 75586, 'A', 2, 1, 0, 0, 0, 0, 0, 0);
INSERT INTO validate_cart_view (PRODUCT_ID, PRICECATEGORYID, PRICECLASSID, PRICECLASSCODE, QUANTITYSTATUS, QUANTITY, MAXIMUMQUANTITY, CHARTQUOTA, ROWQUOTA, PRICECLASSQUOTA, PRICE_CLASS_UNAVAILABLE_SEATS, PRICE_CAT_UNAVAILABLE_SEATS)
VALUES (245634, 12176, 75616, 'A1', 2, 1, 2, 0, 0, 0, 0, 0);
INSERT INTO validate_cart_view (PRODUCT_ID, PRICECATEGORYID, PRICECLASSID, PRICECLASSCODE, QUANTITYSTATUS, QUANTITY, MAXIMUMQUANTITY, CHARTQUOTA, ROWQUOTA, PRICECLASSQUOTA, PRICE_CLASS_UNAVAILABLE_SEATS, PRICE_CAT_UNAVAILABLE_SEATS)
VALUES (245632, 12176, 75586, 'A', 2, 1, 0, 0, 0, 0, 0, 0);
INSERT INTO validate_cart_view (PRODUCT_ID, PRICECATEGORYID, PRICECLASSID, PRICECLASSCODE, QUANTITYSTATUS, QUANTITY, MAXIMUMQUANTITY, CHARTQUOTA, ROWQUOTA, PRICECLASSQUOTA, PRICE_CLASS_UNAVAILABLE_SEATS, PRICE_CAT_UNAVAILABLE_SEATS)
VALUES (245632, 12176, 75616, 'A1', 2, 1, 2, 0, 0, 0, 0, 0);

TRUNCATE TABLE SALES_SEAT_INVENTORY;
INSERT INTO SALES_SEAT_INVENTORY (SALESSEATINVENTORYID, PRODUCT_ID, RANK, SEATSALESSTATUS, TICKETABLE, PRICE_CAT_ID, PRICE_CLASS_ID, PATRON_ID, RESERVEEXPIRYDATE, SYSTEM_SALE_CODE_ID, HOLD_BY, HOLDDATE, SOLD_BY, SOLDDATE, UPDATEDTIME, UPDATED_BY, HOLDREASON, HOLDEXPIRYNOTIFIED, SECTIONRANK, SPANKEY, VENUE_SEAT_LC_ID, VENUE_SECTION_LC_ID, SALESCYCLESTARTTIME, PACKAGE_ID, PACKAGEREQUIREMENT_ID, PRICEVALUE, SESSIONID, HOLDEXPIRYDATE)
VALUES (121553775, 245632, 0, 0, 1, 12176, NULL, NULL, NULL, NULL, NULL, NULL, NULL, NULL,
                                                                         TO_TIMESTAMP(
                                                                             '2016-10-06 18:20:35',
                                                                             'YYYY-MM-DD HH24:MI:SS'),
                                                                         1437, NULL, NULL, 0, NULL,
                                                                         NULL, 356880, NULL, NULL,
        NULL, NULL, NULL, NULL);
INSERT INTO SALES_SEAT_INVENTORY (SALESSEATINVENTORYID, PRODUCT_ID, RANK, SEATSALESSTATUS, TICKETABLE, PRICE_CAT_ID, PRICE_CLASS_ID, PATRON_ID, RESERVEEXPIRYDATE, SYSTEM_SALE_CODE_ID, HOLD_BY, HOLDDATE, SOLD_BY, SOLDDATE, UPDATEDTIME, UPDATED_BY, HOLDREASON, HOLDEXPIRYNOTIFIED, SECTIONRANK, SPANKEY, VENUE_SEAT_LC_ID, VENUE_SECTION_LC_ID, SALESCYCLESTARTTIME, PACKAGE_ID, PACKAGEREQUIREMENT_ID, PRICEVALUE, SESSIONID, HOLDEXPIRYDATE)
VALUES (121553776, 245632, 0, 0, 1, 12176, NULL, NULL, NULL, NULL, NULL, NULL, NULL, NULL,
                                                                         TO_TIMESTAMP(
                                                                             '2016-10-06 18:14:31',
                                                                             'YYYY-MM-DD HH24:MI:SS'),
                                                                         1437, NULL, NULL, 0, NULL,
                                                                         NULL, 356880, NULL, NULL,
        NULL, NULL, NULL, NULL);
INSERT INTO SALES_SEAT_INVENTORY (SALESSEATINVENTORYID, PRODUCT_ID, RANK, SEATSALESSTATUS, TICKETABLE, PRICE_CAT_ID, PRICE_CLASS_ID, PATRON_ID, RESERVEEXPIRYDATE, SYSTEM_SALE_CODE_ID, HOLD_BY, HOLDDATE, SOLD_BY, SOLDDATE, UPDATEDTIME, UPDATED_BY, HOLDREASON, HOLDEXPIRYNOTIFIED, SECTIONRANK, SPANKEY, VENUE_SEAT_LC_ID, VENUE_SECTION_LC_ID, SALESCYCLESTARTTIME, PACKAGE_ID, PACKAGEREQUIREMENT_ID, PRICEVALUE, SESSIONID, HOLDEXPIRYDATE)
VALUES (121553777, 245632, 0, 0, 1, 12176, NULL, NULL, NULL, NULL, NULL, NULL, NULL, NULL,
                                                                         TO_TIMESTAMP(
                                                                             '2016-10-06 18:14:31',
                                                                             'YYYY-MM-DD HH24:MI:SS'),
                                                                         1437, NULL, NULL, 0, NULL,
                                                                         NULL, 356880, NULL, NULL,
        NULL, NULL, NULL, NULL);
INSERT INTO SALES_SEAT_INVENTORY (SALESSEATINVENTORYID, PRODUCT_ID, RANK, SEATSALESSTATUS, TICKETABLE, PRICE_CAT_ID, PRICE_CLASS_ID, PATRON_ID, RESERVEEXPIRYDATE, SYSTEM_SALE_CODE_ID, HOLD_BY, HOLDDATE, SOLD_BY, SOLDDATE, UPDATEDTIME, UPDATED_BY, HOLDREASON, HOLDEXPIRYNOTIFIED, SECTIONRANK, SPANKEY, VENUE_SEAT_LC_ID, VENUE_SECTION_LC_ID, SALESCYCLESTARTTIME, PACKAGE_ID, PACKAGEREQUIREMENT_ID, PRICEVALUE, SESSIONID, HOLDEXPIRYDATE)
VALUES
  (121555775, 245634, 0, 1, 1, 12176, NULL, NULL, systimestamp, NULL, NULL, NULL, NULL, NULL,
                                                                            systimestamp,
                                                                            1437, NULL, NULL, 0,
                                                                            NULL,
                                                                            NULL, 356882, NULL,
   NULL,
   NULL, NULL, NULL, NULL);
INSERT INTO SALES_SEAT_INVENTORY (SALESSEATINVENTORYID, PRODUCT_ID, RANK, SEATSALESSTATUS, TICKETABLE, PRICE_CAT_ID, PRICE_CLASS_ID, PATRON_ID, RESERVEEXPIRYDATE, SYSTEM_SALE_CODE_ID, HOLD_BY, HOLDDATE, SOLD_BY, SOLDDATE, UPDATEDTIME, UPDATED_BY, HOLDREASON, HOLDEXPIRYNOTIFIED, SECTIONRANK, SPANKEY, VENUE_SEAT_LC_ID, VENUE_SECTION_LC_ID, SALESCYCLESTARTTIME, PACKAGE_ID, PACKAGEREQUIREMENT_ID, PRICEVALUE, SESSIONID, HOLDEXPIRYDATE)
VALUES
  (121555776, 245634, 0, 1, 1, 12176, NULL, NULL, systimestamp, NULL, NULL, NULL, NULL, NULL,
                                                                            systimestamp,
                                                                            1437, NULL, NULL, 0,
                                                                            NULL,
                                                                            NULL, 356882, NULL,
   NULL,
   NULL, NULL, NULL, NULL);
INSERT INTO SALES_SEAT_INVENTORY (SALESSEATINVENTORYID, PRODUCT_ID, RANK, SEATSALESSTATUS, TICKETABLE, PRICE_CAT_ID, PRICE_CLASS_ID, PATRON_ID, RESERVEEXPIRYDATE, SYSTEM_SALE_CODE_ID, HOLD_BY, HOLDDATE, SOLD_BY, SOLDDATE, UPDATEDTIME, UPDATED_BY, HOLDREASON, HOLDEXPIRYNOTIFIED, SECTIONRANK, SPANKEY, VENUE_SEAT_LC_ID, VENUE_SECTION_LC_ID, SALESCYCLESTARTTIME, PACKAGE_ID, PACKAGEREQUIREMENT_ID, PRICEVALUE, SESSIONID, HOLDEXPIRYDATE)
VALUES
  (121555777, 245634, 0, 1, 1, 12176, NULL, NULL, systimestamp, NULL, NULL, NULL, NULL, NULL,
                                                                            systimestamp,
                                                                            1437, NULL, NULL, 0,
                                                                            NULL,
                                                                            NULL, 356882, NULL,
   NULL,
   NULL, NULL, NULL, NULL);

truncate TABLE PRICE_MODEL_TPL_PRDT_LIVE;
INSERT INTO PRICE_MODEL_TPL_PRDT_LIVE (PRICEMODELTPLPRDTID, PRICE_MODEL_TEMPLATE_ID, PRODUCT_ID, CREATEDDATE, CREATED_BY, UPDATEDDATE, UPDATED_BY)
VALUES (163645, 13832, 245634, TO_TIMESTAMP('2017-01-03 12:21:05', 'YYYY-MM-DD HH24:MI:SS'), 1031, TO_TIMESTAMP('2017-01-03 12:21:05', 'YYYY-MM-DD HH24:MI:SS'), 1031);

truncate TABLE PMT_ROW_LIVE;
INSERT INTO PMT_ROW_LIVE (PMTROWID, TICKETPRINTALIAS, ISDISPLAYFORSALES, ISSTANDARD, RANKING, QUOTA, PRICECLASS_ID, PRICEMODELTEMPLATE_ID, CREATEDDATE, CREATED_BY, UPDATEDDATE, UPDATED_BY)
VALUES (141571, null, 'T', 'T', 3, 0, 75586, 13832, TO_TIMESTAMP('2017-01-03 12:20:59', 'YYYY-MM-DD HH24:MI:SS'), 1031, TO_TIMESTAMP('2017-01-03 12:20:59', 'YYYY-MM-DD HH24:MI:SS'), 1031);
INSERT INTO PMT_ROW_LIVE (PMTROWID, TICKETPRINTALIAS, ISDISPLAYFORSALES, ISSTANDARD, RANKING, QUOTA, PRICECLASS_ID, PRICEMODELTEMPLATE_ID, CREATEDDATE, CREATED_BY, UPDATEDDATE, UPDATED_BY)
VALUES (141561, null, 'T', 'F', 3, 0, 75616, 13832, TO_TIMESTAMP('2017-01-03 12:21:00', 'YYYY-MM-DD HH24:MI:SS'), 1031, TO_TIMESTAMP('2017-01-03 12:21:00', 'YYYY-MM-DD HH24:MI:SS'), 1031);

truncate TABLE PRICE_CLASS_LIVE;
INSERT INTO PRICE_CLASS_LIVE (PRICECLASSID, PRICECLASSNAME, PRICECLASSCODE, PRICECLASSDESCRIPTION, ISCOMPLIMENTARYTICKET, ISPACKAGECLASS, DISCOUNTRULE, PRICEVALUERULE, SPANQUOTA, BUYTICKETSQUANTITY, GETTICKETQUANTITY, OFFVALUE, PVPRICECLASS_ID, DISCOUNTPRICECLASS_ID, TYPEOFDISCOUNT_MCT_ID, PROMOTIONPASSWORD_ID, CREDITCARDRANGE_ID, PRODUCTGROUP_ID, VALIDITY_PERIOD, CHANNELS, CREATEDDATE, CREATED_BY, UPDATEDDATE, UPDATED_BY, ORDERING)
VALUES (75586, 'Standard Adult', 'A', 'Standard Adult', 'F', 'F', 1, 1, 0, 0, 0, 0.00000, null, null, null, null, null, 16017, null, 'All Channel', TO_TIMESTAMP('2017-01-03 12:20:59', 'YYYY-MM-DD HH24:MI:SS'), 1031, TO_TIMESTAMP('2017-01-03 12:20:59', 'YYYY-MM-DD HH24:MI:SS'), 1031, 8);
INSERT INTO PRICE_CLASS_LIVE (PRICECLASSID, PRICECLASSNAME, PRICECLASSCODE, PRICECLASSDESCRIPTION, ISCOMPLIMENTARYTICKET, ISPACKAGECLASS, DISCOUNTRULE, PRICEVALUERULE, SPANQUOTA, BUYTICKETSQUANTITY, GETTICKETQUANTITY, OFFVALUE, PVPRICECLASS_ID, DISCOUNTPRICECLASS_ID, TYPEOFDISCOUNT_MCT_ID, PROMOTIONPASSWORD_ID, CREDITCARDRANGE_ID, PRODUCTGROUP_ID, VALIDITY_PERIOD, CHANNELS, CREATEDDATE, CREATED_BY, UPDATEDDATE, UPDATED_BY, ORDERING)
VALUES (75616, 'S''porean/ PR Adult', 'A1', 'Singaporean/ Permanent Resident (PR)', 'F', 'F', 1, 1, 0, 0, 0, 0.00000, null, null, null, null, null, 16017, null, 'All Channel', TO_TIMESTAMP('2017-01-03 12:20:59', 'YYYY-MM-DD HH24:MI:SS'), 1031, TO_TIMESTAMP('2017-01-03 12:20:59', 'YYYY-MM-DD HH24:MI:SS'), 1031, 3);