truncate table PATRON_PROFILE;
INSERT INTO PATRON_PROFILE (PATRONPROFILEID, IDENTITYNO, ACCNO, STATUS, FIRSTNAME, LASTNAME, EMAILADDRESS, ISRECEIVETICKETINGAGENT, ISRECEIVEPROMOTER, ISRECEIVEVENUE, ISBILLINGADDRESSSAMEASMAILING, ISDONOTSIGNUP, ORGANIZATIONNAME, COMPANYID, COMPANYNAME, EMPLOYEEID, GUESTOF, EXTERNALID, ACCTREMARK, ACC_TYPE_MCT_ID, GENDER_MCT_ID, TITLE_MCT_ID, NATIONALITY, COUNTRYOFRESIDENCE, CREATEDDATE, CREATED_BY, UPDATEDDATE, UPDATED_BY, IDENTITY_NO_TYPE_MCT_ID) VALUES (1922400, 'S8613733Z', 5084544, 1, 'CHEAH', 'SENG KAI', 'sengkai@sistic.com.sg', 'T', 'T', 'T', 'T', null, null, null, null, null, null, null, null, 90, 249, 233, 'SG', 'SG', TO_TIMESTAMP('2016-11-29 17:25:31', 'YYYY-MM-DD HH24:MI:SS'), 8241, TO_TIMESTAMP('2016-11-30 16:37:51', 'YYYY-MM-DD HH24:MI:SS'), 8241, 646);

truncate table PATRON_ADVANCE_PROFILE;
INSERT INTO PATRON_ADVANCE_PROFILE (PATRONADVANCEDPROFILEID, ANNIVERSARY, DOB, NOOFCHILDREN, DESIGNATION, RACE_MCT_ID, RELIGION_MCT_ID, EDUCATIONAL_LEVEL_MCT_ID, INCOME_LEVEL_MCT_ID, MARITAL_STATUS_MCT_ID, INDUSTRY_MCT_ID, PATRON_PROFILE_ID) VALUES (1664241, TO_TIMESTAMP('1987-04-24 00:00:00', 'YYYY-MM-DD HH24:MI:SS'), TO_TIMESTAMP('1987-04-24 00:00:00', 'YYYY-MM-DD HH24:MI:SS'), 99, null, 251, 257, 258, 266, 267, null, 1922400);

truncate table ADDRESS;
INSERT INTO ADDRESS (ADDRESSID, ADDRESSTYPE, LINEONE, LINETWO, LINETHREE, CITY, STATE, COUNTRY, POSTCODE, CREATED_BY, CREATEDDATE, UPDATED_BY, UPDATEDDATE) VALUES (14418345, 'Mailing Address', '555', 'no man land', 'no man land2', 'SG', 'SG', 'SG', '444444', 1209, TO_TIMESTAMP('2016-11-29 17:29:21', 'YYYY-MM-DD HH24:MI:SS'), 8241, TO_TIMESTAMP('2016-11-30 16:37:51', 'YYYY-MM-DD HH24:MI:SS'));
INSERT INTO ADDRESS (ADDRESSID, ADDRESSTYPE, LINEONE, LINETWO, LINETHREE, CITY, STATE, COUNTRY, POSTCODE, CREATED_BY, CREATEDDATE, UPDATED_BY, UPDATEDDATE) VALUES (14418346, 'Billing Address', '555', 'no man land', 'no man land2', 'SG', 'SG', 'SG', '444444', 1209, TO_TIMESTAMP('2016-11-29 17:29:21', 'YYYY-MM-DD HH24:MI:SS'), 8241, TO_TIMESTAMP('2016-11-30 16:37:51', 'YYYY-MM-DD HH24:MI:SS'));

truncate table PATRON_ADDRESS;
INSERT INTO PATRON_ADDRESS (PATRONADDRESSID, ADDRESS_ID, PATRON_PROFILE_ID, ISPRIMARY) VALUES (3019607, 14418346, 1922400, 'F');
INSERT INTO PATRON_ADDRESS (PATRONADDRESSID, ADDRESS_ID, PATRON_PROFILE_ID, ISPRIMARY) VALUES (3019606, 14418345, 1922400, 'T');



INSERT INTO PATRON_PROFILE (PATRONPROFILEID, IDENTITYNO, ACCNO, STATUS, FIRSTNAME, LASTNAME, EMAILADDRESS, ISRECEIVETICKETINGAGENT, ISRECEIVEPROMOTER, ISRECEIVEVENUE, ISBILLINGADDRESSSAMEASMAILING, ISDONOTSIGNUP, ORGANIZATIONNAME, COMPANYID, COMPANYNAME, EMPLOYEEID, GUESTOF, EXTERNALID, ACCTREMARK, ACC_TYPE_MCT_ID, GENDER_MCT_ID, TITLE_MCT_ID, NATIONALITY, COUNTRYOFRESIDENCE, CREATEDDATE, CREATED_BY, UPDATEDDATE, UPDATED_BY, IDENTITY_NO_TYPE_MCT_ID) VALUES (1922404, 'S8613733Z', 5084545, 1, 'TERRY', 'TEST', 'terryseah@sistic.com.sg', 'T', 'T', 'T', 'T', null, null, null, null, null, null, null, null, 90, 249, 233, 'SG', 'SG', TO_TIMESTAMP('2016-11-29 17:25:31', 'YYYY-MM-DD HH24:MI:SS'), 8241, TO_TIMESTAMP('2016-11-30 16:37:51', 'YYYY-MM-DD HH24:MI:SS'), 8241, 646);
INSERT INTO PATRON_ADVANCE_PROFILE (PATRONADVANCEDPROFILEID, ANNIVERSARY, DOB, NOOFCHILDREN, DESIGNATION, RACE_MCT_ID, RELIGION_MCT_ID, EDUCATIONAL_LEVEL_MCT_ID, INCOME_LEVEL_MCT_ID, MARITAL_STATUS_MCT_ID, INDUSTRY_MCT_ID, PATRON_PROFILE_ID) VALUES (1664244, TO_TIMESTAMP('1987-04-24 00:00:00', 'YYYY-MM-DD HH24:MI:SS'), TO_TIMESTAMP('1987-04-24 00:00:00', 'YYYY-MM-DD HH24:MI:SS'), 99, null, 251, 257, 258, 266, 267, null, 1922404);
INSERT INTO ADDRESS (ADDRESSID, ADDRESSTYPE, LINEONE, LINETWO, LINETHREE, CITY, STATE, COUNTRY, POSTCODE, CREATED_BY, CREATEDDATE, UPDATED_BY, UPDATEDDATE) VALUES (14418355, 'Mailing Address', 'Address Line 1', 'Address Line 2', 'Address Line 3', 'SG', 'SG', 'SG', '555555', 1209, TO_TIMESTAMP('2016-11-29 17:29:21', 'YYYY-MM-DD HH24:MI:SS'), 8241, TO_TIMESTAMP('2016-11-30 16:37:51', 'YYYY-MM-DD HH24:MI:SS'));
INSERT INTO ADDRESS (ADDRESSID, ADDRESSTYPE, LINEONE, LINETWO, LINETHREE, CITY, STATE, COUNTRY, POSTCODE, CREATED_BY, CREATEDDATE, UPDATED_BY, UPDATEDDATE) VALUES (14418356, 'Billing Address', 'Address Line 1', 'Address Line 2', 'Address Line 3', 'SG', 'SG', 'SG', '555555', 1209, TO_TIMESTAMP('2016-11-29 17:29:21', 'YYYY-MM-DD HH24:MI:SS'), 8241, TO_TIMESTAMP('2016-11-30 16:37:51', 'YYYY-MM-DD HH24:MI:SS'));
INSERT INTO PATRON_ADDRESS (PATRONADDRESSID, ADDRESS_ID, PATRON_PROFILE_ID, ISPRIMARY) VALUES (3019617, 14418356, 1922404, 'F');
INSERT INTO PATRON_ADDRESS (PATRONADDRESSID, ADDRESS_ID, PATRON_PROFILE_ID, ISPRIMARY) VALUES (3019616, 14418356, 1922404, 'T');
